Are you interested in being a Team Representative? ,d580f6fedb5a7e8e112798ba7215c376,d544872a7a31ad80d4ec06d2ab3c106b,aed5a51831f1e9b3ea1d17ba844d32cd,d8576d770bc1e39ea2fec0dfef9c88a9,9c7028fd2f6e7005972bf543a45b2e06,a1ef38fb26b1b81ea66f46b5dc3e10c7,1ed3ddcaa6fab66fdd8673d0de207c3c,5ce679da3f7693e797ab5fc5b5fb5ccd,058754028b379782720a5f1f2d3e5311,889e7cf1f694a813051e599ade1a90e0,f51e4de107872409c4486cd4881297fb,21a0065e54f798bad719b2afe776f71c,e93be764a63e55196107e7e2ab6e957b,2b61e0b345dbfadd1a49bd03b7b789c6,id name,email anonymized,anonymized group preference
Yes,5th,1st,3rd,2nd,7th,6th,8th,4th,I am not available,I am currently enrolled in this lab section,"I am available at this time, but not currently enrolled",I am not available,I am not available,"I am available at this time, but not currently enrolled",fdcc0b6a2a8f25914829ab5fd8992fb1,7b6fec905ef1c1dab10c21c15243a670,[]
Yes,5th,8th,4th,2nd,6th,3rd,7th,1st,"I am available at this time, but not currently enrolled","I am available at this time, but not currently enrolled","I am available at this time, but not currently enrolled","I am available at this time, but not currently enrolled","I am available at this time, but not currently enrolled",I am currently enrolled in this lab section,d744d3b04205c37a31600f73a4c041eb,b2c6de510d584484d74c9aa9f8fa9f04,[]
No,3rd,5th,2nd,7th,6th,4th,1st,8th,"I am available at this time, but not currently enrolled",I am not available,I am not available,I am currently enrolled in this lab section,"I am available at this time, but not currently enrolled",I am not available,5d9713f43330675bc77646534d8a46c7,052d26da0511326a0556c5f49dae9b39,[]
Maybe,4th,6th,5th,3rd,7th,2nd,8th,1st,"I am available at this time, but not currently enrolled",I am not available,I am not available,I am currently enrolled in this lab section,I am not available,"I am available at this time, but not currently enrolled",cf6417b47e02ec1e1d2b6c3bab1ca9e5,91cb394fed4f667f20f56d198cd6190d,[]
Yes,4th,6th,5th,1st,2nd,3rd,7th,8th,I am not available,I am currently enrolled in this lab section,"I am available at this time, but not currently enrolled",I am not available,"I am available at this time, but not currently enrolled",I am not available,45330d5ba373e603e5503e56d2489c58,09a5425422227aaccb851607094b1292,[]
Maybe,1st,2nd,4th,3rd,6th,7th,8th,5th,I am not available,"I am available at this time, but not currently enrolled",I am not available,I am currently enrolled in this lab section,I am not available,"I am available at this time, but not currently enrolled",77ff20695cd63cc250ebf8a6744766dc,042f42bf0ce9ae06d083c525e96ea044,[]
No,1st,3rd,7th,5th,8th,2nd,6th,4th,I am currently enrolled in this lab section,"I am available at this time, but not currently enrolled","I am available at this time, but not currently enrolled",I am not available,"I am available at this time, but not currently enrolled",I am not available,7a8f4f158789af7fc967ae37922167c3,43548637b76aea81e3e5f26887eaa92d,[]
No,7th,6th,3rd,2nd,4th,1st,8th,5th,"I am available at this time, but not currently enrolled","I am available at this time, but not currently enrolled",I am currently enrolled in this lab section,I am not available,I am not available,I am not available,be68e4464e354758889fdc49073160ff,5dca9d7879d5ef2f32c38438f16d02c5,['3526ce00d20161b6996e9c812e4f7a99']
Yes,8th,8th,8th,8th,8th,8th,1st,8th,"I am available at this time, but not currently enrolled",I am not available,I am not available,I am not available,I am currently enrolled in this lab section,I am not available,af4d430bc4f9c6cbb1dbdb0d9bec18d6,3975c0a28fccb65f3363eb048114f188,"['c6cdb00f3ae8098dc9178819d7c9a569', '37555ae77342b8a3099e826546f6584b']"
Maybe,8th,8th,8th,8th,8th,8th,1st,8th,"I am available at this time, but not currently enrolled",I am not available,I am not available,I am not available,I am currently enrolled in this lab section,I am not available,9268a85be7d9af6c676fedd760ea1710,c6cdb00f3ae8098dc9178819d7c9a569,"['c6cdb00f3ae8098dc9178819d7c9a569', '37555ae77342b8a3099e826546f6584b', '3975c0a28fccb65f3363eb048114f188']"
No,2nd,4th,5th,1st,6th,3rd,8th,7th,I am not available,I am not available,I am not available,I am currently enrolled in this lab section,I am not available,"I am available at this time, but not currently enrolled",3c41bb614dda5f82fbaa0aa8495d7f6b,719eb21413f653f9b960b4059f5a70be,[]
Maybe,4th,5th,6th,3rd,8th,7th,1st,2nd,I am currently enrolled in this lab section,I am not available,I am not available,"I am available at this time, but not currently enrolled",I am not available,I am not available,bd25eaeca89b5dd7df04c27111e60259,37555ae77342b8a3099e826546f6584b,"['c6cdb00f3ae8098dc9178819d7c9a569', '3975c0a28fccb65f3363eb048114f188']"
Maybe,3rd,7th,6th,5th,8th,4th,2nd,1st,"I am available at this time, but not currently enrolled",I am not available,I am not available,I am not available,I am currently enrolled in this lab section,"I am available at this time, but not currently enrolled",1558cf75892cea55603585a386160560,c5a8d96db675498dcb222c1bc82c18cc,[]
No,6th,7th,3rd,1st,8th,5th,2nd,4th,I am not available,"I am available at this time, but not currently enrolled","I am available at this time, but not currently enrolled",I am not available,I am not available,I am currently enrolled in this lab section,8dbb6c716f4b9e752a789eab708ea4ac,17fa5cebe1d30263212c7afaea512c24,"['f1783cac86ca53071839053ec6134ef5', '2c94fdff21b0cbd492614031e74c1375']"
Maybe,6th,7th,3rd,1st,8th,4th,2nd,5th,"I am available at this time, but not currently enrolled",I am not available,I am not available,I am currently enrolled in this lab section,"I am available at this time, but not currently enrolled","I am available at this time, but not currently enrolled",a760f1c53c0c3d3e380c058118c620cb,2c94fdff21b0cbd492614031e74c1375,['17fa5cebe1d30263212c7afaea512c24']
Yes,1st,2nd,4th,3rd,6th,5th,7th,8th,I am not available,I am currently enrolled in this lab section,"I am available at this time, but not currently enrolled","I am available at this time, but not currently enrolled",I am not available,I am not available,6dd7bca98b27b539d965961a00e52733,bd616bf4b8415f03f4a89c09e110e46b,['0b069084da1ca195bc84bfaa6c15885e']
No,3rd,4th,1st,5th,6th,7th,8th,2nd,"I am available at this time, but not currently enrolled","I am available at this time, but not currently enrolled",I am not available,I am currently enrolled in this lab section,I am not available,I am not available,d4c003a70b0e482cce74119bd09a1cc7,9769222337c9a9b0aa4d946866a9c982,['c5a8d96db675498dcb222c1bc82c18cc']
Maybe,2nd,3rd,1st,4th,5th,7th,6th,8th,I am not available,"I am available at this time, but not currently enrolled",I am currently enrolled in this lab section,I am not available,I am not available,"I am available at this time, but not currently enrolled",c4a6106e57e0adaff8449e0cc4c263ce,3ec9d2740b82457728fa71f83cbc8244,['efdc7820b6fa463c8ae43cffbe5219a2']
Maybe,7th,5th,2nd,4th,3rd,8th,6th,1st,I am currently enrolled in this lab section,I am not available,I am not available,I am not available,I am not available,I am not available,67f2a4cc77dd6e403fc4f6da29d7d8de,33e1ba8d19f43e84b502bad3528f6d9a,[]
Maybe,5th,4th,2nd,1st,7th,8th,6th,3rd,I am not available,I am currently enrolled in this lab section,"I am available at this time, but not currently enrolled",I am not available,I am not available,I am not available,247031595308951ae06543cb825075ff,f1783cac86ca53071839053ec6134ef5,"['17fa5cebe1d30263212c7afaea512c24', 'f523677f6b221abac7df6ae1cd721fb7', '']"
Yes,8th,8th,3rd,3rd,8th,8th,1st,1st,I am not available,"I am available at this time, but not currently enrolled",I am currently enrolled in this lab section,I am not available,I am not available,I am not available,3fd08947e50f1cc2aa1c9226c90c31dd,dcc261331e2d1a1eeade6a1719903189,[]
Yes,5th,3rd,6th,4th,7th,1st,8th,2nd,I am currently enrolled in this lab section,I am not available,"I am available at this time, but not currently enrolled",I am not available,I am not available,"I am available at this time, but not currently enrolled",a73b6e220da3c4fd2a127b0b0c89b992,a29f326465ad158d5f62cb8a5d2a256d,['48ec8d2e20b74dded81f69f3dff16502']
No,6th,8th,3rd,2nd,4th,7th,5th,1st,"I am available at this time, but not currently enrolled",I am not available,I am not available,I am not available,I am currently enrolled in this lab section,I am not available,372a93bcf6e4c95f0d33f6d80359a8cb,229883950389ba10cd3d65b5d73ce5a1,[]
No,2nd,6th,4th,1st,5th,3rd,7th,8th,"I am available at this time, but not currently enrolled",I am currently enrolled in this lab section,"I am available at this time, but not currently enrolled",I am not available,"I am available at this time, but not currently enrolled",I am not available,b7c403cd9a25cd46d38ad3881398afa1,c2065868d12004d4d9fccdf64d5393a2,[]
Maybe,7th,6th,5th,4th,2nd,8th,3rd,1st,"I am available at this time, but not currently enrolled","I am available at this time, but not currently enrolled",I am not available,"I am available at this time, but not currently enrolled",I am not available,"I am available at this time, but not currently enrolled",f31c7c280718f06c06f40cfcfc87e4d3,0784938411ee1af154e09e087488c168,['d09e88e4c9dba155f717a23fe80606ef']
Yes,4th,5th,1st,2nd,3rd,8th,6th,7th,I am not available,I am not available,I am not available,"I am available at this time, but not currently enrolled",I am currently enrolled in this lab section,"I am available at this time, but not currently enrolled",af86546e153b197151f944bee249ba1b,0c39fc6592e5dc3daf56704ccd8a37e7,"['6c2624b831c3f323842797d4d7caa570', '2d17c2e27220caa59e827ecdb114a65c', '3c639f233741b1286f3c19025b50b239', '5b91a39b02c9695f68153407c2114ce2']"
Maybe,2nd,5th,1st,3rd,6th,8th,7th,4th,"I am available at this time, but not currently enrolled",I am currently enrolled in this lab section,I am not available,"I am available at this time, but not currently enrolled","I am available at this time, but not currently enrolled","I am available at this time, but not currently enrolled",10e025c399be84803cdeba013d595c18,1578408f28ab821341bfb6272c098881,['d3a8e7fc5ae29397bd2d8605c1892a2b']
Yes,1st,7th,6th,8th,2nd,5th,4th,3rd,I am not available,"I am available at this time, but not currently enrolled",I am not available,"I am available at this time, but not currently enrolled","I am available at this time, but not currently enrolled",I am currently enrolled in this lab section,7240ab5235b5fb52916d7395256ee4aa,b5b83e7c9c977ae3437224344d03bcf4,[]
Maybe,5th,7th,3rd,1st,2nd,8th,6th,4th,I am not available,I am not available,I am currently enrolled in this lab section,"I am available at this time, but not currently enrolled","I am available at this time, but not currently enrolled","I am available at this time, but not currently enrolled",1e93b01e3deb4a387b706ecc6b455684,779562ecdf573e0489bf4b076f5de07c,"['3ff544010a74152c60e897926a7a7a5a', '55e5a80e8dc13a03292cedca65b96f83', 'c34bf10b7a2f6548217c0f73faf3e48e', '6023789e43542942d3c5751e49359611', '385e69c921b4c003c72c4e5f84396206']"
Maybe,4th,5th,1st,2nd,3rd,8th,6th,7th,I am not available,"I am available at this time, but not currently enrolled","I am available at this time, but not currently enrolled",I am not available,I am not available,I am not available,e29e025818bd6ca5dde1ab3186a702bf,6c2624b831c3f323842797d4d7caa570,"['2d17c2e27220caa59e827ecdb114a65c', '5b91a39b02c9695f68153407c2114ce2', '0c39fc6592e5dc3daf56704ccd8a37e7', '3c639f233741b1286f3c19025b50b239']"
Maybe,4th,5th,1st,2nd,3rd,8th,6th,7th,I am currently enrolled in this lab section,I am not available,"I am available at this time, but not currently enrolled",I am not available,"I am available at this time, but not currently enrolled","I am available at this time, but not currently enrolled",1ffd84ce564dc620acbef9fed939bb29,5b91a39b02c9695f68153407c2114ce2,"['6c2624b831c3f323842797d4d7caa570', '2d17c2e27220caa59e827ecdb114a65c', '3c639f233741b1286f3c19025b50b239', '0c39fc6592e5dc3daf56704ccd8a37e7']"
Maybe,6th,5th,1st,3rd,8th,7th,2nd,4th,"I am available at this time, but not currently enrolled",I am not available,"I am available at this time, but not currently enrolled",I am currently enrolled in this lab section,"I am available at this time, but not currently enrolled","I am available at this time, but not currently enrolled",fc4214548338487b10b6c460d9d0d18f,aee33fc10dc8ccc7894c5e44bc2dfa86,[]
Maybe,4th,5th,1st,2nd,3rd,8th,6th,7th,"I am available at this time, but not currently enrolled","I am available at this time, but not currently enrolled","I am available at this time, but not currently enrolled",I am not available,I am currently enrolled in this lab section,I am not available,91f8715d2bd0592ec309923191bc030a,2d17c2e27220caa59e827ecdb114a65c,"['6c2624b831c3f323842797d4d7caa570', '0c39fc6592e5dc3daf56704ccd8a37e7', '3c639f233741b1286f3c19025b50b239', '5b91a39b02c9695f68153407c2114ce2']"
Maybe,1st,6th,3rd,5th,4th,2nd,7th,8th,I am not available,"I am available at this time, but not currently enrolled",I am currently enrolled in this lab section,I am not available,I am not available,I am not available,8aa204872f1a0a61556f5ca1769b3b1f,ab750af68d95cbe5b0ce941ac6c68234,[]
No,7th,6th,3rd,4th,2nd,8th,1st,5th,"I am available at this time, but not currently enrolled",I am not available,I am not available,I am not available,I am currently enrolled in this lab section,I am not available,5f010575cb1fa17b00dd30dd34786569,c34bf10b7a2f6548217c0f73faf3e48e,['55e5a80e8dc13a03292cedca65b96f83']
No,4th,6th,3rd,5th,2nd,8th,1st,7th,I am not available,"I am available at this time, but not currently enrolled",I am not available,I am not available,I am currently enrolled in this lab section,"I am available at this time, but not currently enrolled",497ff4dc3ddb242956578c1ea5ea91de,55e5a80e8dc13a03292cedca65b96f83,"['c34bf10b7a2f6548217c0f73faf3e48e', '779562ecdf573e0489bf4b076f5de07c', '6023789e43542942d3c5751e49359611']"
Maybe,1st,7th,2nd,1st,2nd,6th,8th,8th,I am not available,I am not available,I am not available,I am currently enrolled in this lab section,I am not available,I am not available,3e752699d617c3c388bf65ed79d5567e,640e1d52d513f6bfce3763ead03e6b38,[]
Yes,5th,4th,3rd,1st,8th,6th,7th,2nd,"I am available at this time, but not currently enrolled",I am currently enrolled in this lab section,"I am available at this time, but not currently enrolled",I am not available,"I am available at this time, but not currently enrolled",I am not available,1998c65c5ad952bd33aee086dbce3000,f523677f6b221abac7df6ae1cd721fb7,"['f1783cac86ca53071839053ec6134ef5', '3acccbfe643f865e0d7a37c294b42631']"
Maybe,4th,5th,1st,2nd,3rd,8th,6th,7th,I am currently enrolled in this lab section,"I am available at this time, but not currently enrolled",I am not available,"I am available at this time, but not currently enrolled",I am not available,"I am available at this time, but not currently enrolled",060cddf5ac34df38883f7dbe08d244e8,3c639f233741b1286f3c19025b50b239,"['0c39fc6592e5dc3daf56704ccd8a37e7', '6c2624b831c3f323842797d4d7caa570', '2d17c2e27220caa59e827ecdb114a65c', '5b91a39b02c9695f68153407c2114ce2']"
Maybe,7th,6th,3rd,2nd,4th,1st,8th,5th,"I am available at this time, but not currently enrolled","I am available at this time, but not currently enrolled",I am currently enrolled in this lab section,I am not available,I am not available,I am not available,0118b8fa5ae20c18ec4ebc4f4e89a7cf,3526ce00d20161b6996e9c812e4f7a99,"['5dca9d7879d5ef2f32c38438f16d02c5', '88836b5e1839c02d1fe0d160b1b00fcb']"
No,4th,2nd,1st,5th,8th,6th,3rd,7th,I am not available,"I am available at this time, but not currently enrolled",I am currently enrolled in this lab section,I am not available,I am not available,I am not available,34a46d713539a520200b5bb2162c6a66,7727fa4ce34371f104daec04b33e3e78,"['04f66ff9f86274b1f8300b4533863a48', 'b6c88ea5735556f0ac1a92797c8ba0f4', '44e0b1e842ee009864b97cef3a6ba7c5', 'dd506372f8a94d8d2854e475ae30dcd2']"
No,7th,1st,4th,2nd,3rd,5th,6th,8th,"I am available at this time, but not currently enrolled",I am not available,I am not available,I am not available,I am not available,I am currently enrolled in this lab section,5969f575136410090ba6a420d1d17584,5087ebc972ca1cd48cf5facdc96469df,[]
Maybe,7th,6th,3rd,5th,8th,2nd,1st,4th,"I am available at this time, but not currently enrolled","I am available at this time, but not currently enrolled",I am currently enrolled in this lab section,I am not available,"I am available at this time, but not currently enrolled",I am not available,2e43770763c13ea184b72b679820b599,d0606f0da5c54cea46f80f41251ae5f0,[]
Maybe,5th,4th,3rd,1st,8th,6th,7th,2nd,I am currently enrolled in this lab section,"I am available at this time, but not currently enrolled","I am available at this time, but not currently enrolled",I am not available,"I am available at this time, but not currently enrolled","I am available at this time, but not currently enrolled",a03626bc10ef89dde958efedf787b6b5,3acccbfe643f865e0d7a37c294b42631,"['f523677f6b221abac7df6ae1cd721fb7', 'f1783cac86ca53071839053ec6134ef5', '17fa5cebe1d30263212c7afaea512c24', '0c39fc6592e5dc3daf56704ccd8a37e7']"
No,7th,4th,1st,2nd,6th,8th,3rd,5th,I am currently enrolled in this lab section,"I am available at this time, but not currently enrolled",I am not available,I am not available,"I am available at this time, but not currently enrolled",I am not available,4232031f08233e2a39d325bb68406e42,d3a8e7fc5ae29397bd2d8605c1892a2b,['1578408f28ab821341bfb6272c098881']
No,2nd,6th,1st,4th,8th,5th,3rd,7th,"I am available at this time, but not currently enrolled",I am not available,"I am available at this time, but not currently enrolled",I am not available,I am not available,I am currently enrolled in this lab section,a2bb67e81d28a0734461fb6ec1ca00ef,6abac36023350a56c387514266f146f3,[]
Maybe,7th,6th,5th,2nd,8th,3rd,4th,1st,I am not available,I am currently enrolled in this lab section,"I am available at this time, but not currently enrolled",I am not available,"I am available at this time, but not currently enrolled","I am available at this time, but not currently enrolled",28d508f4d8a6c528283eeed26cf65eb7,cd2121a8bc3c6a5a0897ee716c459082,[]
No,4th,3rd,1st,5th,8th,6th,2nd,7th,I am not available,I am not available,"I am available at this time, but not currently enrolled",I am not available,I am not available,I am currently enrolled in this lab section,057b1eedb95aee7e0bad0ad8cb37458c,04f66ff9f86274b1f8300b4533863a48,"['dd506372f8a94d8d2854e475ae30dcd2', '44e0b1e842ee009864b97cef3a6ba7c5', 'b6c88ea5735556f0ac1a92797c8ba0f4', '7727fa4ce34371f104daec04b33e3e78']"
Maybe,1st,4th,2nd,3rd,5th,7th,8th,6th,I am not available,I am not available,I am currently enrolled in this lab section,"I am available at this time, but not currently enrolled","I am available at this time, but not currently enrolled","I am available at this time, but not currently enrolled",0f9f9e3df3ed104cd3f21a293c110281,48c421c4258123c2fd37afbf62cebf53,[]
Maybe,3rd,1st,7th,6th,5th,4th,2nd,8th,I am not available,"I am available at this time, but not currently enrolled","I am available at this time, but not currently enrolled",I am currently enrolled in this lab section,"I am available at this time, but not currently enrolled",I am not available,87d56dd15e9156a8e977604984a7c9e9,e29caadcc0214aeb4e0eb50ad51932ca,[]
No,1st,4th,2nd,3rd,6th,7th,8th,5th,I am currently enrolled in this lab section,"I am available at this time, but not currently enrolled","I am available at this time, but not currently enrolled","I am available at this time, but not currently enrolled",I am not available,"I am available at this time, but not currently enrolled",36f1f7e80d6082196abf3bf517505c72,b32355b0f6e5375ea6cbd4fe26d50d70,['efdc7820b6fa463c8ae43cffbe5219a2']
No,3rd,8th,2nd,1st,4th,5th,6th,7th,"I am available at this time, but not currently enrolled",I am currently enrolled in this lab section,"I am available at this time, but not currently enrolled",I am not available,I am not available,"I am available at this time, but not currently enrolled",fb4ce33be5c7561a7fcdb6e20d51d0d2,f5651ba42e900a7afae603f451f8c4b3,['6eb4d89943d2de2b6a5e4d4b083ea56a']
Maybe,6th,5th,2nd,1st,4th,3rd,7th,8th,I am currently enrolled in this lab section,"I am available at this time, but not currently enrolled",I am not available,I am not available,I am not available,"I am available at this time, but not currently enrolled",63ec394b8772303a384bedce63dd8b59,a6dfe640a33c371be23ea059810d9af1,[]
No,1st,5th,2nd,3rd,8th,6th,4th,7th,I am not available,I am currently enrolled in this lab section,"I am available at this time, but not currently enrolled","I am available at this time, but not currently enrolled","I am available at this time, but not currently enrolled","I am available at this time, but not currently enrolled",16eb2837dc5ff00187b7e6f626137102,44334033cfd9bc35a40f7e2162e59227,"['f88e738cd2c184f079e0bb4539f91f85', 'a09595d5ba5d49a4262d9abd57dfc52d']"
No,6th,8th,7th,2nd,5th,3rd,4th,1st,"I am available at this time, but not currently enrolled","I am available at this time, but not currently enrolled","I am available at this time, but not currently enrolled",I am currently enrolled in this lab section,"I am available at this time, but not currently enrolled","I am available at this time, but not currently enrolled",af5a45fe3772bcf717ea0bdee4e02b39,87bfa6ee14e7a436d0f1b44320ccc739,['33e1ba8d19f43e84b502bad3528f6d9a']
Yes,4th,3rd,1st,5th,8th,6th,2nd,7th,I am not available,"I am available at this time, but not currently enrolled","I am available at this time, but not currently enrolled","I am available at this time, but not currently enrolled","I am available at this time, but not currently enrolled",I am currently enrolled in this lab section,a942258a7c8ffb36c6f9e1c9b325b084,b6c88ea5735556f0ac1a92797c8ba0f4,"['dd506372f8a94d8d2854e475ae30dcd2', '44e0b1e842ee009864b97cef3a6ba7c5', '7727fa4ce34371f104daec04b33e3e78', '04f66ff9f86274b1f8300b4533863a48']"
Maybe,4th,3rd,1st,5th,8th,6th,2nd,7th,I am not available,I am not available,"I am available at this time, but not currently enrolled","I am available at this time, but not currently enrolled","I am available at this time, but not currently enrolled",I am currently enrolled in this lab section,759e18d4438e18ef85de17ca11b20ca1,44e0b1e842ee009864b97cef3a6ba7c5,"['b6c88ea5735556f0ac1a92797c8ba0f4', 'dd506372f8a94d8d2854e475ae30dcd2', '04f66ff9f86274b1f8300b4533863a48', '7727fa4ce34371f104daec04b33e3e78']"
Maybe,6th,5th,3rd,4th,7th,8th,1st,2nd,"I am available at this time, but not currently enrolled","I am available at this time, but not currently enrolled","I am available at this time, but not currently enrolled",I am currently enrolled in this lab section,I am not available,I am not available,15fefb794df1ac16894a3f4ae01c3fc3,222c7e5747edf57a387a4f0c5fc8fd56,[]
No,4th,3rd,1st,5th,8th,6th,2nd,7th,I am not available,"I am available at this time, but not currently enrolled",I am currently enrolled in this lab section,"I am available at this time, but not currently enrolled","I am available at this time, but not currently enrolled","I am available at this time, but not currently enrolled",6ed128c21280a30699b2110eb268bcd8,dd506372f8a94d8d2854e475ae30dcd2,"['44e0b1e842ee009864b97cef3a6ba7c5', 'b6c88ea5735556f0ac1a92797c8ba0f4', '04f66ff9f86274b1f8300b4533863a48', '7727fa4ce34371f104daec04b33e3e78']"
No,1st,3rd,7th,6th,5th,4th,2nd,8th,"I am available at this time, but not currently enrolled",I am not available,I am not available,I am currently enrolled in this lab section,I am not available,"I am available at this time, but not currently enrolled",aeaf761205b520c4a1cea5487d3afabe,ed468c29a0782cfb5707df0cde891871,[]
Yes,1st,7th,6th,2nd,3rd,5th,4th,8th,I am not available,I am not available,I am not available,I am not available,I am not available,I am currently enrolled in this lab section,cf6d71faabc062cecae8e105550c10c8,0b069084da1ca195bc84bfaa6c15885e,['bd616bf4b8415f03f4a89c09e110e46b']
Yes,5th,1st,3rd,2nd,4th,6th,8th,7th,I am not available,I am not available,I am not available,I am currently enrolled in this lab section,I am not available,"I am available at this time, but not currently enrolled",6bb72753f4d903b2984be8cbe6fc96b9,1cc4792ecb21bdda388be6ad074e8629,[]
Maybe,7th,8th,1st,2nd,3rd,6th,4th,5th,I am not available,I am not available,"I am available at this time, but not currently enrolled","I am available at this time, but not currently enrolled",I am not available,I am currently enrolled in this lab section,e5a7f59da1aa7bfc8da1d969479b95e9,af4136f1a4119156936603c088d8ddad,[]
Maybe,2nd,8th,3rd,1st,6th,7th,5th,4th,"I am available at this time, but not currently enrolled",I am not available,I am currently enrolled in this lab section,I am not available,"I am available at this time, but not currently enrolled",I am not available,1a5ea04e9ab86ac0171781d619c1fdaa,43f1ffbc604d6adcfddf3159ba4a1adb,[]
Maybe,6th,3rd,2nd,1st,4th,8th,7th,5th,"I am available at this time, but not currently enrolled",I am currently enrolled in this lab section,"I am available at this time, but not currently enrolled",I am not available,I am not available,I am not available,a10634de5987c5bdc585d1b36dac03dc,66ad25e901db0cf046a1cd3be50d07c1,[]
Yes,1st,5th,2nd,3rd,8th,6th,4th,7th,"I am available at this time, but not currently enrolled",I am not available,"I am available at this time, but not currently enrolled","I am available at this time, but not currently enrolled",I am currently enrolled in this lab section,"I am available at this time, but not currently enrolled",2727acc96e5b3857e78d713e2f37ac4d,f88e738cd2c184f079e0bb4539f91f85,"['44334033cfd9bc35a40f7e2162e59227', 'a09595d5ba5d49a4262d9abd57dfc52d']"
No,7th,6th,3rd,5th,4th,8th,1st,2nd,I am currently enrolled in this lab section,"I am available at this time, but not currently enrolled","I am available at this time, but not currently enrolled",I am not available,"I am available at this time, but not currently enrolled",I am not available,48cf0892cbe47f2664b178c5536d67c3,e4f0e96431283bed150e1e4588c14048,['e37183209d98ec8a5d9e25932114b52f']
No,7th,6th,3rd,5th,4th,8th,1st,2nd,I am currently enrolled in this lab section,"I am available at this time, but not currently enrolled","I am available at this time, but not currently enrolled",I am not available,"I am available at this time, but not currently enrolled",I am not available,9ea6f6af9b2dbe16f874cccc112a9763,e37183209d98ec8a5d9e25932114b52f,['e4f0e96431283bed150e1e4588c14048']
Maybe,2nd,3rd,5th,1st,4th,8th,6th,7th,I am not available,I am not available,"I am available at this time, but not currently enrolled","I am available at this time, but not currently enrolled",I am currently enrolled in this lab section,"I am available at this time, but not currently enrolled",a66273a24bcb706d7eac7345661bf394,5929cad01b57fbf7017fdcb8e48a70ea,['57ca736ec14fddb471898fbc20cc8b4b']
Maybe,6th,7th,2nd,4th,8th,1st,3rd,5th,I am currently enrolled in this lab section,"I am available at this time, but not currently enrolled","I am available at this time, but not currently enrolled",I am not available,"I am available at this time, but not currently enrolled",I am not available,e283094a0b224d7e293c28c0abfcfc5f,e56dbe701ed84d2dc99719e275ead029,[]
Yes,2nd,7th,1st,3rd,6th,8th,5th,4th,"I am available at this time, but not currently enrolled",I am not available,I am not available,"I am available at this time, but not currently enrolled",I am currently enrolled in this lab section,"I am available at this time, but not currently enrolled",b639015b7cfd0ca520724d177608dbd5,2f81162a49f46ea20ba33a7c1b924ee5,['38b3f5aac6bc48c537e6a9f9b08fd8e8']
Maybe,7th,6th,3rd,5th,8th,2nd,1st,4th,I am not available,I am not available,I am currently enrolled in this lab section,I am not available,I am not available,I am not available,ebdac2464baf84e335a828a98bcf85cf,8b62abd011ba1dcceecd41f5175a53e4,[]
No,4th,5th,2nd,1st,3rd,6th,8th,7th,I am not available,I am not available,I am not available,I am currently enrolled in this lab section,"I am available at this time, but not currently enrolled","I am available at this time, but not currently enrolled",35e609836b7ee6befa785a87a293243e,44d2b21d06e2267a64f27e461bcb1d04,['b7bba94e2a117b9cfb4463088cd77334']
No,7th,2nd,6th,5th,4th,8th,3rd,1st,I am not available,I am not available,I am currently enrolled in this lab section,"I am available at this time, but not currently enrolled",I am not available,"I am available at this time, but not currently enrolled",3ecbaf426c76c00475955d5687d34647,851e7ff2e14b9b4b6163734cc91e65a4,[]
Yes,8th,2nd,3rd,4th,5th,1st,6th,7th,I am currently enrolled in this lab section,"I am available at this time, but not currently enrolled",I am not available,I am not available,I am not available,I am not available,a432a6a0e7b461a3c392479b9f5ff084,b7bba94e2a117b9cfb4463088cd77334,"['44d2b21d06e2267a64f27e461bcb1d04', '86af6f283d9cef284e441dd074366f4f']"
No,3rd,6th,2nd,1st,4th,5th,7th,8th,"I am available at this time, but not currently enrolled",I am currently enrolled in this lab section,"I am available at this time, but not currently enrolled",I am not available,I am not available,"I am available at this time, but not currently enrolled",fb4ce33be5c7561a7fcdb6e20d51d0d2,f5651ba42e900a7afae603f451f8c4b3,"['6eb4d89943d2de2b6a5e4d4b083ea56a', '86af6f283d9cef284e441dd074366f4f']"
No,6th,5th,8th,2nd,4th,7th,3rd,1st,I am currently enrolled in this lab section,I am not available,I am not available,I am not available,I am not available,I am not available,343611eb1417a661d3a15634a73d34b2,555cbbb7260cce5e835177937c3b6746,['4924f8b0e5c7afbaeabf417e23770667']
Maybe,6th,5th,8th,2nd,4th,7th,3rd,1st,I am currently enrolled in this lab section,I am not available,I am not available,I am not available,I am not available,I am not available,1c7d32829074b2991b4fe4eb3225ea57,4924f8b0e5c7afbaeabf417e23770667,['555cbbb7260cce5e835177937c3b6746']
No,4th,6th,2nd,1st,5th,3rd,7th,8th,I am currently enrolled in this lab section,I am not available,I am not available,I am not available,"I am available at this time, but not currently enrolled",I am not available,97e975574ed2fba26a5befbc773f1009,7afac4678e7bc51739847ac8cab153a1,"['efdc7820b6fa463c8ae43cffbe5219a2', 'b32355b0f6e5375ea6cbd4fe26d50d70']"
Yes,8th,7th,3rd,1st,4th,6th,2nd,5th,I am not available,"I am available at this time, but not currently enrolled","I am available at this time, but not currently enrolled","I am available at this time, but not currently enrolled","I am available at this time, but not currently enrolled",I am currently enrolled in this lab section,ee53d441969f5c0bc9ba8a0f649cfcf5,95798b5a8d20fe91f2040fc5dfee2e8c,"['971540106ec1abdefc8c41b65a43f717', '01c8f011d3189c9618393b7339d147ba', 'bc3870e0531fe3c1fc6b1b88fed6ff49', '1974881b8b7d008da5943beb5128a66b']"
Yes,6th,1st,7th,4th,2nd,3rd,5th,8th,I am not available,I am not available,I am not available,I am not available,I am currently enrolled in this lab section,"I am available at this time, but not currently enrolled",0a2dc452efd2bc609b3b6f7a31fad230,9b58f86366fbf77b95d27371240e1015,['5792b5f24239f136bf63c62f21a9176b']
No,6th,1st,7th,4th,2nd,3rd,5th,8th,I am not available,I am not available,I am not available,I am not available,"I am available at this time, but not currently enrolled",I am currently enrolled in this lab section,bd9069370aa7fdd3573af05d433959b2,5792b5f24239f136bf63c62f21a9176b,['9b58f86366fbf77b95d27371240e1015']
Maybe,2nd,5th,6th,1st,4th,3rd,8th,7th,"I am available at this time, but not currently enrolled","I am available at this time, but not currently enrolled",I am not available,I am not available,I am currently enrolled in this lab section,I am not available,59af82245414820f13e3c5a65704af53,57ca736ec14fddb471898fbc20cc8b4b,['5929cad01b57fbf7017fdcb8e48a70ea']
Maybe,8th,7th,3rd,1st,4th,6th,2nd,5th,I am not available,"I am available at this time, but not currently enrolled",I am not available,I am currently enrolled in this lab section,"I am available at this time, but not currently enrolled",I am not available,a3cfb1f86ca5187d6e8a42a35b4e614c,bc3870e0531fe3c1fc6b1b88fed6ff49,"['1974881b8b7d008da5943beb5128a66b', '95798b5a8d20fe91f2040fc5dfee2e8c', '01c8f011d3189c9618393b7339d147ba', '971540106ec1abdefc8c41b65a43f717']"
No,2nd,5th,4th,1st,3rd,7th,6th,8th,"I am available at this time, but not currently enrolled","I am available at this time, but not currently enrolled","I am available at this time, but not currently enrolled",I am not available,"I am available at this time, but not currently enrolled",I am currently enrolled in this lab section,9f7ab3583c545d6e44b118b1d1ad4e95,264e76884f7ff05303c5c4aeb3760467,"['3f5dee48a70afdae6f6efaa67988e0c6', 'd5005166c0b9c54e0a9a47665f5bfdde', '814fd5a4ad4557b45fc7e929948686b8']"
No,5th,6th,8th,2nd,1st,3rd,7th,4th,"I am available at this time, but not currently enrolled","I am available at this time, but not currently enrolled",I am currently enrolled in this lab section,I am not available,I am not available,I am not available,c1c9fb8639ef0f16014f0ddbf3f5cf1d,3f5d8d79783a8dbc7816fe078885b6c6,[]
Maybe,3rd,5th,2nd,1st,4th,6th,8th,7th,"I am available at this time, but not currently enrolled","I am available at this time, but not currently enrolled","I am available at this time, but not currently enrolled",I am currently enrolled in this lab section,I am not available,"I am available at this time, but not currently enrolled",372c60ac9b5e125dd9a6c4fb0a64d202,6eb4d89943d2de2b6a5e4d4b083ea56a,['f5651ba42e900a7afae603f451f8c4b3']
Yes,8th,4th,5th,6th,1st,7th,3rd,2nd,I am not available,I am not available,"I am available at this time, but not currently enrolled","I am available at this time, but not currently enrolled","I am available at this time, but not currently enrolled",I am currently enrolled in this lab section,d387da89f7b62de583614c1daa8d3e2b,23461f9739d0e6a2a2739487a036bdac,['9f3e007f66005c51c019aea94faf066b']
Maybe,4th,5th,2nd,3rd,6th,1st,8th,7th,I am not available,"I am available at this time, but not currently enrolled","I am available at this time, but not currently enrolled",I am not available,I am currently enrolled in this lab section,I am not available,3020b84e5ce90c21c7900ae4c86bf4a3,5a9d55420c60a74eaac88d434bb7a730,[]
No,2nd,4th,1st,3rd,6th,5th,8th,7th,I am currently enrolled in this lab section,I am not available,I am not available,I am not available,I am not available,I am not available,19ceb6b92da0c02baa52273db52551cb,efdc7820b6fa463c8ae43cffbe5219a2,"['3ec9d2740b82457728fa71f83cbc8244', 'b32355b0f6e5375ea6cbd4fe26d50d70']"
No,7th,5th,6th,3rd,4th,8th,1st,2nd,"I am available at this time, but not currently enrolled",I am currently enrolled in this lab section,"I am available at this time, but not currently enrolled",I am not available,"I am available at this time, but not currently enrolled",I am not available,ca2e26c6c4607de7517d63cfd048df26,a7cbb112bec0c14b37dd857cd89eb1f9,['21f1bee24563ac36857f362c1ad924bb']
Maybe,4th,7th,3rd,5th,8th,6th,2nd,1st,I am not available,"I am available at this time, but not currently enrolled","I am available at this time, but not currently enrolled","I am available at this time, but not currently enrolled","I am available at this time, but not currently enrolled",I am currently enrolled in this lab section,2c5562dd450de27fc15afb1db9b070e1,01c8f011d3189c9618393b7339d147ba,['95798b5a8d20fe91f2040fc5dfee2e8c']
No,2nd,3rd,8th,1st,4th,7th,5th,6th,"I am available at this time, but not currently enrolled","I am available at this time, but not currently enrolled","I am available at this time, but not currently enrolled","I am available at this time, but not currently enrolled",I am currently enrolled in this lab section,I am not available,af1b1a96d9a24da4ba2ff6cf47b97145,c09bc020ea4d12862e684150a0c47030,['1d9eff09e4d1b560c8467538fc077640']
No,1st,6th,2nd,8th,5th,7th,3rd,4th,"I am available at this time, but not currently enrolled",I am not available,I am currently enrolled in this lab section,I am not available,"I am available at this time, but not currently enrolled",I am not available,a557186621f06597c73dd7b4b22b9798,e1a963c80adfd1a9fa19e0405da8a641,['efdc7820b6fa463c8ae43cffbe5219a2']
Yes,8th,7th,3rd,1st,4th,6th,2nd,5th,I am not available,"I am available at this time, but not currently enrolled","I am available at this time, but not currently enrolled","I am available at this time, but not currently enrolled","I am available at this time, but not currently enrolled",I am currently enrolled in this lab section,6ab3848fd19ed59c3ac81e49b2850270,971540106ec1abdefc8c41b65a43f717,"['bc3870e0531fe3c1fc6b1b88fed6ff49', '01c8f011d3189c9618393b7339d147ba', '95798b5a8d20fe91f2040fc5dfee2e8c', '1974881b8b7d008da5943beb5128a66b']"
Maybe,6th,8th,3rd,5th,4th,7th,2nd,1st,I am not available,I am currently enrolled in this lab section,I am not available,I am not available,I am not available,I am not available,78cb197e0d810be3e4c56f8a2ba00967,d203ecd04c59b60a6557527334279a5b,[]
No,5th,7th,3rd,4th,6th,8th,1st,2nd,I am not available,"I am available at this time, but not currently enrolled",I am not available,I am currently enrolled in this lab section,"I am available at this time, but not currently enrolled",I am not available,9ed27880e23401f3ce91b1a1032ee88e,6487f5a51dcb53edb4ac5995c1d09f84,"['88836b5e1839c02d1fe0d160b1b00fcb', '6c23a8dff790de6353f1cc1b69119c12', '9ccb1da50a566cf6ae3f8ec8ee36f2bd', '2c20aabd9304f2794e10471a601152db']"
Maybe,2nd,5th,4th,1st,3rd,7th,6th,8th,"I am available at this time, but not currently enrolled","I am available at this time, but not currently enrolled","I am available at this time, but not currently enrolled",I am not available,I am currently enrolled in this lab section,"I am available at this time, but not currently enrolled",c2103bd2931bfd53c8443e165966af07,3f5dee48a70afdae6f6efaa67988e0c6,"['d5005166c0b9c54e0a9a47665f5bfdde', '264e76884f7ff05303c5c4aeb3760467', '814fd5a4ad4557b45fc7e929948686b8']"
Maybe,3rd,4th,2nd,1st,5th,7th,6th,8th,I am not available,I am not available,"I am available at this time, but not currently enrolled",I am not available,I am not available,I am currently enrolled in this lab section,4a7e892a286845a27849f461645613d6,f10bb10e8a7bb351b8e5adbf0926603b,[]
Maybe,3rd,2nd,4th,1st,5th,6th,7th,8th,I am currently enrolled in this lab section,I am not available,"I am available at this time, but not currently enrolled",I am not available,I am not available,I am not available,27214f58b42d6409027a2049bddf5dad,91da0d8c21984731e100b98cd95e782d,[]
Maybe,8th,7th,3rd,1st,4th,6th,2nd,5th,I am not available,"I am available at this time, but not currently enrolled","I am available at this time, but not currently enrolled","I am available at this time, but not currently enrolled",I am currently enrolled in this lab section,"I am available at this time, but not currently enrolled",6fe0f8b4904554ccbdf98f338c3f4333,1974881b8b7d008da5943beb5128a66b,"['95798b5a8d20fe91f2040fc5dfee2e8c', 'bc3870e0531fe3c1fc6b1b88fed6ff49', '01c8f011d3189c9618393b7339d147ba', '971540106ec1abdefc8c41b65a43f717']"
No,3rd,4th,5th,1st,6th,7th,2nd,8th,I am not available,I am not available,I am not available,"I am available at this time, but not currently enrolled","I am available at this time, but not currently enrolled",I am currently enrolled in this lab section,c1cf0be77636c5d216b4a509b8217fec,39b69222eaebdf1b8b712dc3f3b15b16,['0aafc26cb27eb7d310c2e3809b4caae7']
Maybe,3rd,4th,5th,1st,6th,7th,2nd,8th,I am not available,"I am available at this time, but not currently enrolled",I am not available,I am not available,I am not available,I am currently enrolled in this lab section,a04e3fbda3fb5d0cc50a65344eac4bb0,0aafc26cb27eb7d310c2e3809b4caae7,['39b69222eaebdf1b8b712dc3f3b15b16']
No,3rd,4th,2nd,1st,6th,5th,8th,7th,I am not available,I am currently enrolled in this lab section,"I am available at this time, but not currently enrolled",I am not available,"I am available at this time, but not currently enrolled",I am not available,f273e2a0e0f69d4c728c8b9651d5d27b,86af6f283d9cef284e441dd074366f4f,"['f5651ba42e900a7afae603f451f8c4b3', '48c421c4258123c2fd37afbf62cebf53', '44d2b21d06e2267a64f27e461bcb1d04', 'b7bba94e2a117b9cfb4463088cd77334', 'b32355b0f6e5375ea6cbd4fe26d50d70']"
Yes,4th,6th,7th,8th,5th,1st,3rd,2nd,I am not available,"I am available at this time, but not currently enrolled","I am available at this time, but not currently enrolled","I am available at this time, but not currently enrolled",I am currently enrolled in this lab section,I am not available,4aafee78d4441c66b694e52573ca1d96,2d6a5de78acbe96177320328cf2693b6,"['070dd61b277baa53d3e5f34ef59577bd', '9ccb1da50a566cf6ae3f8ec8ee36f2bd']"
Maybe,4th,6th,7th,8th,5th,1st,3rd,2nd,I am not available,I am not available,I am not available,I am not available,"I am available at this time, but not currently enrolled",I am currently enrolled in this lab section,7ca7f19376e084f51f71104ae9773088,7ed984753cd00756f0796f08d2203f12,"['9ccb1da50a566cf6ae3f8ec8ee36f2bd', '070dd61b277baa53d3e5f34ef59577bd', '2d6a5de78acbe96177320328cf2693b6', ' ']"
Yes,2nd,3rd,8th,1st,4th,7th,5th,6th,I am not available,I am not available,"I am available at this time, but not currently enrolled","I am available at this time, but not currently enrolled",I am currently enrolled in this lab section,"I am available at this time, but not currently enrolled",50141ece3aae41bc68d8993b81692cbb,1d9eff09e4d1b560c8467538fc077640,"['f85f5aa5388ed09580d7e9c9bc018a91', 'c09bc020ea4d12862e684150a0c47030']"
Maybe,4th,6th,7th,8th,5th,1st,3rd,2nd,I am not available,I am currently enrolled in this lab section,I am not available,I am not available,"I am available at this time, but not currently enrolled",I am not available,8b383ac2f7b3b6107d1548c5adea262a,9ccb1da50a566cf6ae3f8ec8ee36f2bd,"['070dd61b277baa53d3e5f34ef59577bd', '2d6a5de78acbe96177320328cf2693b6', '7ed984753cd00756f0796f08d2203f12']"
No,7th,4th,6th,3rd,5th,8th,1st,2nd,"I am available at this time, but not currently enrolled",I am currently enrolled in this lab section,"I am available at this time, but not currently enrolled",I am not available,I am not available,I am not available,d3b8981640bc3668cdadb6f50a8d4450,21f1bee24563ac36857f362c1ad924bb,['a7cbb112bec0c14b37dd857cd89eb1f9']
No,5th,4th,3rd,2nd,6th,7th,1st,8th,I am not available,I am currently enrolled in this lab section,I am not available,"I am available at this time, but not currently enrolled","I am available at this time, but not currently enrolled","I am available at this time, but not currently enrolled",3a0aa3b96eee4761c6c8d506af48e67a,464a734f9526bcf31324310cdace2883,"['90a1e95dba0d3d9c11e3f220cc4f7879', '6d598536e10c91148b13d3f75972fab4', 'cbf4916661481b57edd66b096a83fa29', 'a3b3bfd7f6b5aa1eaee491de7414219c']"
No,4th,6th,5th,2nd,3rd,8th,7th,1st,I am not available,I am not available,"I am available at this time, but not currently enrolled",I am not available,I am not available,I am not available,c2fae27873e0afea5e82e8b57712bf52,bf1bd74441c65164574093afbbfef6c3,[]
Yes,4th,6th,7th,8th,5th,1st,3rd,2nd,"I am available at this time, but not currently enrolled","I am available at this time, but not currently enrolled",I am not available,I am not available,I am currently enrolled in this lab section,I am not available,b6941091941e30b931b89d4de6bbf4ff,070dd61b277baa53d3e5f34ef59577bd,"['2d6a5de78acbe96177320328cf2693b6', '9ccb1da50a566cf6ae3f8ec8ee36f2bd', '7ed984753cd00756f0796f08d2203f12']"
Yes,1st,5th,2nd,3rd,8th,6th,4th,7th,"I am available at this time, but not currently enrolled",I am not available,I am currently enrolled in this lab section,"I am available at this time, but not currently enrolled","I am available at this time, but not currently enrolled",I am not available,8ab73de22e43e5d477f58955ac588ddc,a09595d5ba5d49a4262d9abd57dfc52d,"['f88e738cd2c184f079e0bb4539f91f85', '44334033cfd9bc35a40f7e2162e59227']"
Yes,1st,3rd,2nd,5th,6th,7th,4th,8th,"I am available at this time, but not currently enrolled","I am available at this time, but not currently enrolled","I am available at this time, but not currently enrolled",I am currently enrolled in this lab section,"I am available at this time, but not currently enrolled",I am not available,14500b47c17df110a25b70597e76fbfe,88c20051023b43d35fa08994fe451a97,"['c31a771fb300ec9f4dc317b8588fb962', '43548637b76aea81e3e5f26887eaa92d', 'b462f3fb55ef32c7c60555c8fd6733f1']"
No,1st,6th,4th,2nd,7th,3rd,5th,8th,I am currently enrolled in this lab section,I am not available,"I am available at this time, but not currently enrolled","I am available at this time, but not currently enrolled",I am not available,"I am available at this time, but not currently enrolled",3673110ce43db8989a1db00d0afcf8bc,c31a771fb300ec9f4dc317b8588fb962,"['43548637b76aea81e3e5f26887eaa92d', '88c20051023b43d35fa08994fe451a97']"
Maybe,2nd,5th,4th,1st,3rd,7th,6th,8th,"I am available at this time, but not currently enrolled","I am available at this time, but not currently enrolled","I am available at this time, but not currently enrolled","I am available at this time, but not currently enrolled",I am currently enrolled in this lab section,"I am available at this time, but not currently enrolled",bcc556e85e025b819d8437566793046f,d5005166c0b9c54e0a9a47665f5bfdde,"['3f5dee48a70afdae6f6efaa67988e0c6', '264e76884f7ff05303c5c4aeb3760467', '814fd5a4ad4557b45fc7e929948686b8']"
Yes,5th,6th,3rd,2nd,8th,4th,1st,7th,I am not available,"I am available at this time, but not currently enrolled",I am not available,"I am available at this time, but not currently enrolled","I am available at this time, but not currently enrolled",I am currently enrolled in this lab section,790089a10e46239db0634bd5ed8a8f47,cbf4916661481b57edd66b096a83fa29,"['90a1e95dba0d3d9c11e3f220cc4f7879', '6d598536e10c91148b13d3f75972fab4', 'a3b3bfd7f6b5aa1eaee491de7414219c', '464a734f9526bcf31324310cdace2883']"
No,4th,2nd,3rd,1st,5th,7th,8th,6th,I am not available,"I am available at this time, but not currently enrolled",I am not available,I am currently enrolled in this lab section,I am not available,I am not available,4e59e2d6e2f2afcc266f92237296b4b8,8d72e9c4209298bc1ab44e81d3793c9c,[]
Yes,1st,6th,2nd,3rd,5th,4th,8th,7th,"I am available at this time, but not currently enrolled",I am currently enrolled in this lab section,I am not available,I am not available,"I am available at this time, but not currently enrolled","I am available at this time, but not currently enrolled",007918a2d7d574356badfe217a059864,a7292d6bc317fa43aaa86a1ccc03621a,"['7e8410d745b99086ace602c30f5d915b', '38b3f5aac6bc48c537e6a9f9b08fd8e8']"
No,6th,5th,4th,3rd,1st,2nd,7th,8th,I am not available,I am not available,I am currently enrolled in this lab section,I am not available,I am not available,I am not available,6ca9fc0b6e515361e52694c72d374c6d,265f0c6de5420c006ec390d2ee8a2c89,"['3b87db2342bcfbe3256d597e86d41974', 'e0236d9da4ace34be7bdcd5d502a1d3a', 'e016585afa6d9b62eb0364943fab6d89', '092d9bd8930f5b01ccc006d39bf096ff']"
Yes,6th,5th,4th,3rd,1st,2nd,7th,8th,I am currently enrolled in this lab section,I am not available,I am not available,"I am available at this time, but not currently enrolled","I am available at this time, but not currently enrolled","I am available at this time, but not currently enrolled",5f546bd0530fc2e9eab599d9ff3268c5,092d9bd8930f5b01ccc006d39bf096ff,"['265f0c6de5420c006ec390d2ee8a2c89', '3b87db2342bcfbe3256d597e86d41974', 'e0236d9da4ace34be7bdcd5d502a1d3a', 'e016585afa6d9b62eb0364943fab6d89']"
No,6th,5th,4th,3rd,1st,2nd,7th,8th,I am not available,I am currently enrolled in this lab section,"I am available at this time, but not currently enrolled",I am not available,"I am available at this time, but not currently enrolled",I am not available,b294ac19b716c5ac1c61e09bb7a63c9b,e016585afa6d9b62eb0364943fab6d89,"['092d9bd8930f5b01ccc006d39bf096ff', '265f0c6de5420c006ec390d2ee8a2c89', '3b87db2342bcfbe3256d597e86d41974', 'e0236d9da4ace34be7bdcd5d502a1d3a']"
No,6th,5th,4th,3rd,1st,2nd,7th,8th,I am not available,"I am available at this time, but not currently enrolled","I am available at this time, but not currently enrolled",I am not available,I am currently enrolled in this lab section,I am not available,401a46d16ed8971f74518f57a9dca0e0,3b87db2342bcfbe3256d597e86d41974,"['092d9bd8930f5b01ccc006d39bf096ff', 'e016585afa6d9b62eb0364943fab6d89', 'e0236d9da4ace34be7bdcd5d502a1d3a', '265f0c6de5420c006ec390d2ee8a2c89']"
No,1st,5th,6th,2nd,4th,3rd,7th,8th,"I am available at this time, but not currently enrolled",I am currently enrolled in this lab section,"I am available at this time, but not currently enrolled",I am not available,I am not available,I am not available,3e28ac9e7e84ace3e21d380ea4cc5e8b,f277983fdf2ec048f04f4c4965ac253c,['4d1e81608a15d3cae014167be9f312f5']
No,6th,5th,4th,3rd,1st,2nd,7th,8th,I am not available,I am not available,I am currently enrolled in this lab section,"I am available at this time, but not currently enrolled",I am not available,"I am available at this time, but not currently enrolled",ef64551e35c78c317bfcdf134490997d,e0236d9da4ace34be7bdcd5d502a1d3a,"['265f0c6de5420c006ec390d2ee8a2c89', 'e016585afa6d9b62eb0364943fab6d89', '092d9bd8930f5b01ccc006d39bf096ff', '3b87db2342bcfbe3256d597e86d41974']"
Maybe,2nd,6th,4th,1st,3rd,8th,5th,7th,"I am available at this time, but not currently enrolled",I am not available,I am not available,I am currently enrolled in this lab section,"I am available at this time, but not currently enrolled",I am not available,62b3c7dbd429d9ffc4d8f99eb2ce9a63,814fd5a4ad4557b45fc7e929948686b8,"['3f5dee48a70afdae6f6efaa67988e0c6', 'd5005166c0b9c54e0a9a47665f5bfdde', '264e76884f7ff05303c5c4aeb3760467']"
Yes,5th,6th,3rd,2nd,8th,4th,1st,7th,I am not available,"I am available at this time, but not currently enrolled",I am not available,"I am available at this time, but not currently enrolled","I am available at this time, but not currently enrolled",I am currently enrolled in this lab section,07ceab9439e26a500baba77aca5a50cd,a3b3bfd7f6b5aa1eaee491de7414219c,"['6d598536e10c91148b13d3f75972fab4', 'cbf4916661481b57edd66b096a83fa29', '464a734f9526bcf31324310cdace2883', '90a1e95dba0d3d9c11e3f220cc4f7879']"
Maybe,1st,3rd,2nd,5th,6th,7th,4th,8th,I am not available,"I am available at this time, but not currently enrolled","I am available at this time, but not currently enrolled","I am available at this time, but not currently enrolled",I am not available,I am currently enrolled in this lab section,9cb605e2b8810a12e4ba30581f87f3e5,b462f3fb55ef32c7c60555c8fd6733f1,"['88c20051023b43d35fa08994fe451a97', '43548637b76aea81e3e5f26887eaa92d', 'c31a771fb300ec9f4dc317b8588fb962']"
No,1st,5th,6th,2nd,4th,3rd,7th,8th,"I am available at this time, but not currently enrolled",I am currently enrolled in this lab section,I am not available,I am not available,"I am available at this time, but not currently enrolled",I am not available,c41bcc5791b0acd74b74c8fac33038ad,4d1e81608a15d3cae014167be9f312f5,['f277983fdf2ec048f04f4c4965ac253c']
Maybe,5th,7th,3rd,1st,2nd,8th,6th,4th,I am not available,I am not available,I am currently enrolled in this lab section,I am not available,"I am available at this time, but not currently enrolled","I am available at this time, but not currently enrolled",e99f27d37f82c5fb6b025ed8209c9d74,3ff544010a74152c60e897926a7a7a5a,['779562ecdf573e0489bf4b076f5de07c']
Maybe,3rd,4th,1st,2nd,6th,5th,8th,7th,I am currently enrolled in this lab section,I am not available,"I am available at this time, but not currently enrolled",I am not available,"I am available at this time, but not currently enrolled","I am available at this time, but not currently enrolled",01d82a75de0187fa9ee4cc1a6402cdf8,385e69c921b4c003c72c4e5f84396206,"['6023789e43542942d3c5751e49359611', '779562ecdf573e0489bf4b076f5de07c', 'badde86deac09ed20930e45c1c5ba0fd']"
Maybe,3rd,4th,1st,2nd,6th,5th,8th,7th,I am currently enrolled in this lab section,I am not available,"I am available at this time, but not currently enrolled",I am not available,"I am available at this time, but not currently enrolled","I am available at this time, but not currently enrolled",bed0ff0cd27b988b02a89de79bf28ae7,6023789e43542942d3c5751e49359611,"['385e69c921b4c003c72c4e5f84396206', 'badde86deac09ed20930e45c1c5ba0fd', '779562ecdf573e0489bf4b076f5de07c', '5d9cdbe51bc65b169564fda0b93c2731']"
Maybe,6th,4th,7th,2nd,8th,5th,1st,3rd,"I am available at this time, but not currently enrolled","I am available at this time, but not currently enrolled","I am available at this time, but not currently enrolled",I am not available,I am currently enrolled in this lab section,I am not available,a73db0b5744f40ff1197e5f263935c08,6c23a8dff790de6353f1cc1b69119c12,"['2c20aabd9304f2794e10471a601152db', '88836b5e1839c02d1fe0d160b1b00fcb', '6487f5a51dcb53edb4ac5995c1d09f84']"
Maybe,6th,4th,7th,2nd,8th,5th,1st,3rd,I am currently enrolled in this lab section,"I am available at this time, but not currently enrolled","I am available at this time, but not currently enrolled",I am not available,I am not available,I am not available,b4893a88a1883253ad6230c24289857b,2c20aabd9304f2794e10471a601152db,"['6c23a8dff790de6353f1cc1b69119c12', '88836b5e1839c02d1fe0d160b1b00fcb', '6487f5a51dcb53edb4ac5995c1d09f84']"
Maybe,4th,6th,7th,8th,5th,3rd,1st,2nd,I am not available,I am currently enrolled in this lab section,I am not available,I am not available,"I am available at this time, but not currently enrolled",I am not available,127427e41321aa8d3ed9cd51f6dd5524,88836b5e1839c02d1fe0d160b1b00fcb,"['9ccb1da50a566cf6ae3f8ec8ee36f2bd', '6c23a8dff790de6353f1cc1b69119c12', '6487f5a51dcb53edb4ac5995c1d09f84', '2c20aabd9304f2794e10471a601152db', '3526ce00d20161b6996e9c812e4f7a99']"
Maybe,3rd,4th,1st,2nd,6th,7th,8th,5th,"I am available at this time, but not currently enrolled","I am available at this time, but not currently enrolled",I am currently enrolled in this lab section,I am not available,I am not available,I am not available,6c8d7fc19be2cfa011bd18d1a559133c,badde86deac09ed20930e45c1c5ba0fd,"['6023789e43542942d3c5751e49359611', '385e69c921b4c003c72c4e5f84396206', '779562ecdf573e0489bf4b076f5de07c', '5d9cdbe51bc65b169564fda0b93c2731', '38b3f5aac6bc48c537e6a9f9b08fd8e8']"
Maybe,2nd,6th,4th,3rd,7th,5th,8th,1st,I am not available,I am not available,I am currently enrolled in this lab section,I am not available,I am not available,"I am available at this time, but not currently enrolled",c91208e22df1c9f823306eff041786a8,629f7688170606abe3a61ae97af0821f,"['bd86fb3babb9adffa2aefd567ef777b6', '3de17c5638084b8ca8ece5462b2d52e7']"
Maybe,2nd,6th,4th,3rd,7th,5th,8th,1st,I am currently enrolled in this lab section,"I am available at this time, but not currently enrolled",I am not available,I am not available,I am not available,I am not available,34d1b86731c2e6324b36befb6cf17f3d,bd86fb3babb9adffa2aefd567ef777b6,"['3de17c5638084b8ca8ece5462b2d52e7', '629f7688170606abe3a61ae97af0821f']"
Maybe,2nd,6th,4th,3rd,7th,5th,8th,1st,I am currently enrolled in this lab section,I am not available,I am not available,I am not available,I am not available,I am not available,c83b3a23bad3a67a884489c783b8c968,3de17c5638084b8ca8ece5462b2d52e7,"['bd86fb3babb9adffa2aefd567ef777b6', '629f7688170606abe3a61ae97af0821f']"
No,5th,6th,3rd,2nd,8th,4th,1st,7th,I am not available,"I am available at this time, but not currently enrolled",I am not available,I am currently enrolled in this lab section,"I am available at this time, but not currently enrolled","I am available at this time, but not currently enrolled",d0bb681571106d0408c0368bf8f0b6c6,6d598536e10c91148b13d3f75972fab4,"['cbf4916661481b57edd66b096a83fa29', 'a3b3bfd7f6b5aa1eaee491de7414219c', '90a1e95dba0d3d9c11e3f220cc4f7879', '464a734f9526bcf31324310cdace2883']"
Maybe,4th,5th,3rd,2nd,6th,7th,1st,8th,"I am available at this time, but not currently enrolled",I am currently enrolled in this lab section,"I am available at this time, but not currently enrolled",I am not available,I am not available,I am not available,8b520db2f1d118d6a639c82efbaf3725,38b3f5aac6bc48c537e6a9f9b08fd8e8,"['3526ce00d20161b6996e9c812e4f7a99', '6023789e43542942d3c5751e49359611', 'a7292d6bc317fa43aaa86a1ccc03621a', '2f81162a49f46ea20ba33a7c1b924ee5', '3c639f233741b1286f3c19025b50b239', 'badde86deac09ed20930e45c1c5ba0fd']"
Maybe,5th,7th,3rd,1st,2nd,8th,6th,4th,I am not available,"I am available at this time, but not currently enrolled",I am currently enrolled in this lab section,I am not available,"I am available at this time, but not currently enrolled",I am not available,b3ebef4a6a925e636507f7ee0c858748,6a6ce7632dbc5ae6a0abf24f776dc692,['779562ecdf573e0489bf4b076f5de07c']
No,5th,6th,4th,1st,8th,2nd,7th,3rd,"I am available at this time, but not currently enrolled",I am currently enrolled in this lab section,"I am available at this time, but not currently enrolled",I am not available,I am not available,I am not available,d4f3b573ff704a028be23fb962af9c45,5cbd42a8bb542e2318501b8f05b64b55,"['156b604febf991048d4a2142ef55a5c0', '3acccbfe643f865e0d7a37c294b42631']"
Maybe,5th,6th,4th,1st,8th,2nd,7th,3rd,I am not available,"I am available at this time, but not currently enrolled",I am currently enrolled in this lab section,"I am available at this time, but not currently enrolled",I am not available,I am not available,16209cdac848dcfa42195c2570e21320,156b604febf991048d4a2142ef55a5c0,"['5cbd42a8bb542e2318501b8f05b64b55', '3acccbfe643f865e0d7a37c294b42631', 'f523677f6b221abac7df6ae1cd721fb7']"
Yes,1st,5th,4th,2nd,6th,8th,3rd,7th,I am not available,"I am available at this time, but not currently enrolled",I am not available,"I am available at this time, but not currently enrolled","I am available at this time, but not currently enrolled",I am currently enrolled in this lab section,f3440f137e503981d23155d0c96139e9,0c3979d3d66b194f5f87f7a757a98aba,['9df7ec6e944f0a3f3f4cbcdd98cd30f2']
No,2nd,3rd,8th,1st,4th,7th,5th,6th,I am currently enrolled in this lab section,I am not available,I am not available,I am not available,"I am available at this time, but not currently enrolled",I am not available,ebd7b0f5eafc34fb3c21f6e26d25ef43,f85f5aa5388ed09580d7e9c9bc018a91,['1d9eff09e4d1b560c8467538fc077640']
Yes,2nd,6th,7th,4th,8th,1st,5th,3rd,"I am available at this time, but not currently enrolled",I am currently enrolled in this lab section,I am not available,I am not available,"I am available at this time, but not currently enrolled",I am not available,d72b902822ca36764bb76d8b71ac51f9,9f3e007f66005c51c019aea94faf066b,"['44334033cfd9bc35a40f7e2162e59227', '23461f9739d0e6a2a2739487a036bdac']"
No,4th,8th,1st,6th,3rd,2nd,5th,7th,I am currently enrolled in this lab section,"I am available at this time, but not currently enrolled","I am available at this time, but not currently enrolled",I am not available,I am not available,I am not available,8e08a53cf6dc49f5afaccec026ed172b,cf9da551439aabd1c76218edc7a72c26,[]
No,7th,8th,2nd,1st,3rd,6th,5th,4th,I am not available,I am not available,I am not available,"I am available at this time, but not currently enrolled",I am not available,I am currently enrolled in this lab section,cfa04ceba171caa0effadd087426330d,9c58e1512819ff94785865a622fa2ef3,['89bf263b6abcf8d37c292e5037444619']
No,7th,8th,2nd,1st,3rd,6th,5th,4th,I am not available,I am not available,I am not available,I am currently enrolled in this lab section,I am not available,"I am available at this time, but not currently enrolled",c35969d3f03be44b9d83bd45b0fe407d,89bf263b6abcf8d37c292e5037444619,['9c58e1512819ff94785865a622fa2ef3']
No,2nd,6th,1st,3rd,5th,8th,4th,7th,I am not available,I am currently enrolled in this lab section,I am not available,"I am available at this time, but not currently enrolled","I am available at this time, but not currently enrolled","I am available at this time, but not currently enrolled",7e29ec46b236dce72fabf4bbeadd918d,32dcea6f67132fd386a6005769f41bac,['89bf263b6abcf8d37c292e5037444619']
Maybe,3rd,7th,4th,2nd,8th,6th,1st,5th,I am currently enrolled in this lab section,I am not available,"I am available at this time, but not currently enrolled",I am not available,"I am available at this time, but not currently enrolled",I am not available,78593a6d6554ce1acf48b5ffe492c4b5,4b68bd660a52bcba247dde2b02195e58,[]
No,4th,5th,3rd,6th,7th,8th,1st,2nd,I am not available,"I am available at this time, but not currently enrolled","I am available at this time, but not currently enrolled","I am available at this time, but not currently enrolled",I am currently enrolled in this lab section,"I am available at this time, but not currently enrolled",0d4a9b4d08e92349f1f1de4ca5cf03c9,44e43f81c426a374b70d39c12c06f3bd,"['e4f0e96431283bed150e1e4588c14048', 'e37183209d98ec8a5d9e25932114b52f']"
Yes,1st,6th,2nd,3rd,5th,4th,8th,7th,I am not available,I am currently enrolled in this lab section,I am not available,I am not available,"I am available at this time, but not currently enrolled","I am available at this time, but not currently enrolled",82f80e3bcd5b93e78a4f95d8e41ad87f,7e8410d745b99086ace602c30f5d915b,['a7292d6bc317fa43aaa86a1ccc03621a']
No,1st,5th,4th,2nd,6th,8th,3rd,7th,I am currently enrolled in this lab section,"I am available at this time, but not currently enrolled",I am not available,I am not available,"I am available at this time, but not currently enrolled","I am available at this time, but not currently enrolled",4b3039783698407337b081a461ed7763,9df7ec6e944f0a3f3f4cbcdd98cd30f2,['0c3979d3d66b194f5f87f7a757a98aba']
Yes,4th,8th,3rd,2nd,7th,5th,1st,6th,I am currently enrolled in this lab section,I am currently enrolled in this lab section,I am not available,"I am available at this time, but not currently enrolled","I am available at this time, but not currently enrolled","I am available at this time, but not currently enrolled",ae6f1da351ffa85fe8f792583d15f6b0,48ec8d2e20b74dded81f69f3dff16502,[]
Yes,8th,7th,4th,1st,2nd,5th,6th,3rd,"I am available at this time, but not currently enrolled",I am currently enrolled in this lab section,"I am available at this time, but not currently enrolled",I am not available,"I am available at this time, but not currently enrolled",I am not available,b97f36c4e7c083e4f56b67ffa14c87cf,d09e88e4c9dba155f717a23fe80606ef,"['6a6ce7632dbc5ae6a0abf24f776dc692', '0784938411ee1af154e09e087488c168']"
No,5th,4th,3rd,2nd,6th,7th,1st,8th,I am not available,I am not available,"I am available at this time, but not currently enrolled",I am not available,I am not available,I am currently enrolled in this lab section,d1c5a104426f24bc2b4c54f9694f9310,90a1e95dba0d3d9c11e3f220cc4f7879,['6d598536e10c91148b13d3f75972fab4']
Maybe,3rd,4th,1st,2nd,6th,7th,8th,5th,I am not available,I am currently enrolled in this lab section,"I am available at this time, but not currently enrolled",I am not available,I am not available,I am not available,98f73339ab77930d8fee7017a2ccd216,5d9cdbe51bc65b169564fda0b93c2731,"['badde86deac09ed20930e45c1c5ba0fd', '6023789e43542942d3c5751e49359611']"
Maybe,6th,3rd,8th,4th,5th,2nd,7th,1st,I am not available,I am not available,I am not available,I am not available,I am currently enrolled in this lab section,I am not available,1d0eb6457b2cf04fd0dd334505991584,0ade805222fb6446f94624ebec67e33e,[]
Maybe,4th,5th,3rd,2nd,8th,7th,1st,6th,"I am available at this time, but not currently enrolled",I am not available,"I am available at this time, but not currently enrolled","I am available at this time, but not currently enrolled","I am available at this time, but not currently enrolled",I am currently enrolled in this lab section,e8942ae7c3fdeb69c3b1a84bb4eb99c3,ba29a7911fcd66b86ce1c54a0fa43dd0,[]
Maybe,4th,5th,3rd,2nd,6th,7th,1st,8th,"I am available at this time, but not currently enrolled","I am available at this time, but not currently enrolled","I am available at this time, but not currently enrolled","I am available at this time, but not currently enrolled",I am currently enrolled in this lab section,"I am available at this time, but not currently enrolled",2b51772405373ecb08c1fd018b378f78,a37eebe2f1860562dcda5073616afc16,[]
No,1st,3rd,7th,6th,4th,5th,8th,2nd,I am not available,"I am available at this time, but not currently enrolled","I am available at this time, but not currently enrolled",I am not available,I am not available,I am not available,64b9067c817b1107502e9ee2ffd45333,8ceb0c15325cd799a926f3d9d0242a58,[]
Maybe,6th,7th,8th,3rd,5th,2nd,1st,4th,"I am available at this time, but not currently enrolled",I am not available,I am currently enrolled in this lab section,I am not available,"I am available at this time, but not currently enrolled",I am not available,27af0ad9e79315022cc467de3cddecdd,39ea6348b1d65095c0e4c71c900f4422,[]
No,5th,2nd,4th,1st,6th,8th,3rd,7th,"I am available at this time, but not currently enrolled","I am available at this time, but not currently enrolled","I am available at this time, but not currently enrolled",I am currently enrolled in this lab section,"I am available at this time, but not currently enrolled",I am not available,f9d4f4dbb644cb807595162b9c449450,36905bdf8282ea1bd0dd01508f684762,[]
Maybe,3rd,6th,1st,2nd,5th,8th,7th,4th,I am not available,I am not available,"I am available at this time, but not currently enrolled",I am currently enrolled in this lab section,"I am available at this time, but not currently enrolled","I am available at this time, but not currently enrolled",720ab932e6fea05d40e045e0c73bc264,b61072c997a1e2a6a7a64142933438c2,[]