Id,Division,Gender
1,PR,Female
2,IT,Female
3,Sales,Female
4,HR,Female
5,PR,Male
6,IT,Male
7,Sales,Male
8,HR,Female
9,PR,Female
10,IT,Female
11,Sales,Female
12,HR,Female
13,PR,Female
14,IT,Female
15,Sales,Male
16,HR,Female
17,PR,Female
18,IT,Male
19,Sales,Male
20,HR,Female
21,PR,Male
22,IT,Male
23,Sales,Male
24,HR,Female
25,PR,Male
26,IT,Male
27,Sales,Female
28,HR,Female
29,PR,Male
30,IT,Male
31,Sales,Male
32,HR,Female
33,PR,Female
34,IT,Male
35,Sales,Male
36,HR,Female
37,PR,Male
38,IT,Male
39,Sales,Male
40,HR,Female
41,PR,Male
42,IT,Female
43,Sales,Female
44,HR,Female
45,PR,Female
46,IT,Female
47,Sales,Female
48,HR,Female
49,PR,Female
50,IT,Male
51,Sales,Male
52,HR,Female
53,PR,Female
54,IT,Male
55,Sales,Male
56,HR,Female
57,PR,Female
58,IT,Male
59,Sales,Female
60,HR,Female
61,PR,Male
62,IT,Male
63,Sales,Male
64,HR,Female
65,PR,Male
66,IT,Male
67,Sales,Female
68,HR,Female
69,PR,Female
70,IT,Male
71,Sales,Female
72,HR,Male
73,PR,Male
74,IT,Male
75,Sales,Male
76,HR,Female
77,PR,Male
78,IT,Male
79,Sales,Female
80,HR,Female
81,PR,Female
82,IT,Male
83,Sales,Male
84,HR,Male
85,PR,Female
86,IT,Female
87,Sales,Male
88,HR,Female
89,PR,Female
90,IT,Female
91,Sales,Female
92,HR,Female
93,PR,Male
94,IT,Male
95,Sales,Female
96,HR,Female
97,PR,Male
98,IT,Male
99,Sales,Male
100,HR,Male
101,PR,Female
102,IT,Male
103,Sales,Male
104,HR,Female
105,PR,Female
106,IT,Male
107,Sales,Female
108,HR,Female
109,PR,Female
110,IT,Male
111,Sales,Male
112,HR,Female
113,PR,Female
114,IT,Female
115,Sales,Male
116,HR,Male
117,PR,Female
118,IT,Male
119,Sales,Male
120,HR,Female
121,PR,Male
122,IT,Male
123,Sales,Male
124,HR,Female
125,PR,Female
126,IT,Male
127,Sales,Female
128,HR,Male
129,PR,Male
130,IT,Male
131,Sales,Female
132,HR,Female
133,PR,Male
134,IT,Male
135,Sales,Female
136,HR,Female
137,PR,Female
138,IT,Male
139,Sales,Male
140,HR,Female
141,PR,Female
142,IT,Male
143,Sales,Female
144,HR,Male
145,PR,Female
146,IT,Female
147,Sales,Male
148,HR,Female
149,PR,Female
150,IT,Male
151,Sales,Male
152,HR,Female
153,PR,Female
154,IT,Male
155,Sales,Female
156,HR,Female
157,PR,Female
158,IT,Male
159,Sales,Female
160,HR,Female
161,PR,Female
162,IT,Male
163,Sales,Female
164,HR,Male
165,PR,Male
166,IT,Female
167,Sales,Female
168,HR,Female
169,PR,Female
170,IT,Female
171,Sales,Male
172,HR,Female
173,PR,Female
174,IT,Male
175,Sales,Male
176,HR,Female
177,PR,Female
178,IT,Male
179,Sales,Male
180,HR,Female
181,PR,Male
182,IT,Male
183,Sales,Male
184,HR,Female
185,PR,Female
186,IT,Male
187,Sales,Male
188,HR,Female
189,PR,Female
190,IT,Male
191,Sales,Male
192,HR,Female
193,PR,Female
194,IT,Male
195,Sales,Male
196,HR,Male
197,PR,Female
198,IT,Female
199,Sales,Male
200,HR,Male
201,PR,Male
202,IT,Male
203,Sales,Male
204,HR,Female
205,PR,Female
206,IT,Female
207,Sales,Male
208,HR,Female
209,PR,Female
210,IT,Male
211,Sales,Female
212,HR,Male
213,PR,Female
214,IT,Male
215,Sales,Male
216,HR,Male
217,PR,Female
218,IT,Male
219,Sales,Female
220,HR,Female
221,PR,Male
222,IT,Male
223,Sales,Male
224,HR,Male
225,PR,Female
226,IT,Male
227,Sales,Male
228,HR,Male
229,PR,Female
230,IT,Male
231,Sales,Female
232,HR,Female
233,PR,Female
234,IT,Male
235,Sales,Female
236,HR,Female
237,PR,Male
238,IT,Female
239,Sales,Male
240,HR,Female
241,PR,Female
242,IT,Male
243,Sales,Male
244,HR,Male
245,PR,Female
246,IT,Male
247,Sales,Female
248,HR,Female
249,PR,Male
250,IT,Male
251,Sales,Female
252,HR,Male
253,PR,Female
254,IT,Male
255,Sales,Male
256,HR,Male
257,PR,Female
258,IT,Female
259,Sales,Female
260,HR,Male
261,PR,Male
262,IT,Male
263,Sales,Male
264,HR,Female
265,PR,Male
266,IT,Male
267,Sales,Male
268,HR,Male
269,PR,Male
270,IT,Female
271,Sales,Male
272,HR,Female
273,PR,Male
274,IT,Male
275,Sales,Female
276,HR,Female
277,PR,Female
278,IT,Male
279,Sales,Female
280,HR,Female
281,PR,Male
282,IT,Female
283,Sales,Male
284,HR,Female
285,PR,Female
286,IT,Male
287,Sales,Male
288,HR,Female
289,PR,Female
290,IT,Male
291,Sales,Female
292,HR,Male
293,PR,Female
294,IT,Male
295,Sales,Male
296,HR,Female
297,PR,Female
298,IT,Female
299,Sales,Female
300,HR,Male
301,PR,Male
302,IT,Male
303,Sales,Male
304,HR,Female
305,PR,Female
306,IT,Female
307,Sales,Female
308,HR,Male
309,PR,Male
310,IT,Male
311,Sales,Male
312,HR,Female
313,PR,Female
314,IT,Female
315,Sales,Male
316,HR,Male
317,PR,Female
318,IT,Male
319,Sales,Female
320,HR,Male
321,PR,Male
322,IT,Male
323,Sales,Male
324,HR,Male
325,PR,Female
326,IT,Male
327,Sales,Female
328,HR,Male
329,PR,Male
330,IT,Male
331,Sales,Male
332,HR,Female
333,PR,Male
334,IT,Female
335,Sales,Male
336,HR,Male
337,PR,Female
338,IT,Male
339,Sales,Male
340,HR,Female
341,PR,Male
342,IT,Female
343,Sales,Female
344,HR,Female
345,PR,Female
346,IT,Male
347,Sales,Male
348,HR,Female
349,PR,Male
350,IT,Male
351,Sales,Male
352,HR,Female
353,PR,Male
354,IT,Female
355,Sales,Male
356,HR,Female
357,PR,Male
358,IT,Male
359,Sales,Female
360,HR,Female
361,PR,Male
362,IT,Male
363,Sales,Male
364,HR,Female
365,PR,Female
366,IT,Male
367,Sales,Female
368,HR,Female
369,PR,Female
370,IT,Male
371,Sales,Male
372,HR,Female
373,PR,Male
374,IT,Male
375,Sales,Male
376,HR,Female
377,PR,Male
378,IT,Male
379,Sales,Female
380,HR,Male
381,PR,Male
382,IT,Male
383,Sales,Female
384,HR,Female
385,PR,Female
386,IT,Male
387,Sales,Female
388,HR,Female
389,PR,Male
390,IT,Male
391,Sales,Male
392,HR,Female
393,PR,Female
394,IT,Male
395,Sales,Female
396,HR,Female
397,PR,Female
398,IT,Male
399,Sales,Male
400,HR,Female
401,PR,Female
402,IT,Female
403,Sales,Male
404,HR,Male
405,PR,Male
406,IT,Female
407,Sales,Female
408,HR,Female
409,PR,Female
410,IT,Male
411,Sales,Male
412,HR,Male
413,PR,Male
414,IT,Female
415,Sales,Female
416,HR,Female
417,PR,Female
418,IT,Male
419,Sales,Male
420,HR,Female
421,PR,Female
422,IT,Male
423,Sales,Female
424,HR,Female
425,PR,Female
426,IT,Female
427,Sales,Male
428,HR,Female
429,PR,Male
430,IT,Male
431,Sales,Female
432,HR,Female
433,PR,Female
434,IT,Male
435,Sales,Male
436,HR,Female
437,PR,Female
438,IT,Male
439,Sales,Male
440,HR,Male
441,PR,Male
442,IT,Male
443,Sales,Male
444,HR,Male
445,PR,Male
446,IT,Male
447,Sales,Male
448,HR,Female
449,PR,Male
450,IT,Male
451,Sales,Male
452,HR,Male
453,PR,Female
454,IT,Female
455,Sales,Female
456,HR,Female
457,PR,Male
458,IT,Male
459,Sales,Male
460,HR,Female
461,PR,Female
462,IT,Male
463,Sales,Female
464,HR,Female
465,PR,Female
466,IT,Female
467,Sales,Female
468,HR,Female
469,PR,Male
470,IT,Female
471,Sales,Male
472,HR,Female
473,PR,Female
474,IT,Female
475,Sales,Male
476,HR,Male
477,PR,Female
478,IT,Male
479,Sales,Male
480,HR,Male
481,PR,Female
482,IT,Female
483,Sales,Male
484,HR,Male
485,PR,Male
486,IT,Male
487,Sales,Male
488,HR,Male
489,PR,Female
490,IT,Male
491,Sales,Female
492,HR,Female
493,PR,Female
494,IT,Female
495,Sales,Female
496,HR,Female
497,PR,Female
498,IT,Female
499,Sales,Male
500,HR,Female
501,PR,Female
502,IT,Female
503,Sales,Male
504,HR,Female
505,PR,Female
506,IT,Male
507,Sales,Female
508,HR,Female
509,PR,Female
510,IT,Male
511,Sales,Female
512,HR,Female
513,PR,Male
514,IT,Male
515,Sales,Male
516,HR,Male
517,PR,Female
518,IT,Female
519,Sales,Female
520,HR,Female
521,PR,Male
522,IT,Male
523,Sales,Male
524,HR,Male
525,PR,Male
526,IT,Male
527,Sales,Male
528,HR,Female
529,PR,Female
530,IT,Female
531,Sales,Female
532,HR,Female
533,PR,Female
534,IT,Female
535,Sales,Male
536,HR,Male
537,PR,Female
538,IT,Male
539,Sales,Male
540,HR,Female
541,PR,Male
542,IT,Male
543,Sales,Female
544,HR,Female
545,PR,Female
546,IT,Male
547,Sales,Male
548,HR,Female
549,PR,Male
550,IT,Female
551,Sales,Male
552,HR,Female
553,PR,Female
554,IT,Male
555,Sales,Male
556,HR,Female
557,PR,Female
558,IT,Male
559,Sales,Male
560,HR,Female
561,PR,Female
562,IT,Male
563,Sales,Male
564,HR,Female
565,PR,Male
566,IT,Male
567,Sales,Female
568,HR,Male
569,PR,Female
570,IT,Male
571,Sales,Male
572,HR,Female
573,PR,Male
574,IT,Male
575,Sales,Female
576,HR,Male
577,PR,Female
578,IT,Male
579,Sales,Male
580,HR,Male
581,PR,Female
582,IT,Male
583,Sales,Male
584,HR,Female
585,PR,Male
586,IT,Female
587,Sales,Male
588,HR,Female
589,PR,Female
590,IT,Female
591,Sales,Male
592,HR,Female
593,PR,Female
594,IT,Male
595,Sales,Male
596,HR,Male
597,PR,Male
598,IT,Male
599,Sales,Female
600,HR,Male
601,PR,Female
602,IT,Male
603,Sales,Male
604,HR,Male
605,PR,Male
606,IT,Male
607,Sales,Male
608,HR,Male
609,PR,Female
610,IT,Female
611,Sales,Male
612,HR,Female
613,PR,Female
614,IT,Male
615,Sales,Male
616,HR,Female
617,PR,Male
618,IT,Male
619,Sales,Male
620,HR,Female
621,PR,Female
622,IT,Female
623,Sales,Female
624,HR,Female
625,PR,Female
626,IT,Male
627,Sales,Female
628,HR,Female
629,PR,Female
630,IT,Male
631,Sales,Male
632,HR,Female
633,PR,Female
634,IT,Female
635,Sales,Female
636,HR,Female
637,PR,Female
638,IT,Female
639,Sales,Male
640,HR,Female
641,PR,Male
642,IT,Male
643,Sales,Male
644,HR,Female
645,PR,Male
646,IT,Male
647,Sales,Male
648,HR,Female
649,PR,Female
650,IT,Male
651,Sales,Female
652,HR,Female
653,PR,Male
654,IT,Male
655,Sales,Male
656,HR,Female
657,PR,Female
658,IT,Male
659,Sales,Female
660,HR,Female
661,PR,Female
662,IT,Male
663,Sales,Male
664,HR,Female
665,PR,Male
666,IT,Male
667,Sales,Male
668,HR,Female
669,PR,Female
670,IT,Male
671,Sales,Male
672,HR,Male
673,PR,Male
674,IT,Male
675,Sales,Male
676,HR,Female
677,PR,Male
678,IT,Male
679,Sales,Female
680,HR,Female
681,PR,Male
682,IT,Female
683,Sales,Female
684,HR,Female
685,PR,Female
686,IT,Male
687,Sales,Male
688,HR,Female
689,PR,Female
690,IT,Male
691,Sales,Male
692,HR,Female
693,PR,Male
694,IT,Male
695,Sales,Male
696,HR,Female
697,PR,Male
698,IT,Male
699,Sales,Male
700,HR,Female
701,PR,Male
702,IT,Male
703,Sales,Male
704,HR,Female
705,PR,Female
706,IT,Male
707,Sales,Male
708,HR,Female
709,PR,Female
710,IT,Female
711,Sales,Male
712,HR,Female
713,PR,Male
714,IT,Male
715,Sales,Male
716,HR,Female
717,PR,Female
718,IT,Male
719,Sales,Female
720,HR,Female
721,PR,Female
722,IT,Male
723,Sales,Male
724,HR,Female
725,PR,Male
726,IT,Male
727,Sales,Male
728,HR,Female
729,PR,Female
730,IT,Male
731,Sales,Male
732,HR,Female
733,PR,Male
734,IT,Female
735,Sales,Male
736,HR,Female
737,PR,Female
738,IT,Female
739,Sales,Male
740,HR,Female
741,PR,Male
742,IT,Male
743,Sales,Female
744,HR,Female
745,PR,Female
746,IT,Male
747,Sales,Male
748,HR,Female
749,PR,Female
750,IT,Male
751,Sales,Female
752,HR,Male
753,PR,Female
754,IT,Male
755,Sales,Male
756,HR,Female
757,PR,Female
758,IT,Male
759,Sales,Female
760,HR,Female
761,PR,Male
762,IT,Male
763,Sales,Male
764,HR,Female
765,PR,Female
766,IT,Male
767,Sales,Male
768,HR,Female
769,PR,Female
770,IT,Male
771,Sales,Male
772,HR,Female
773,PR,Female
774,IT,Male
775,Sales,Male
776,HR,Female
777,PR,Male
778,IT,Male
779,Sales,Male
780,HR,Female
781,PR,Male
782,IT,Male
783,Sales,Male
784,HR,Female
785,PR,Female
786,IT,Male
787,Sales,Male
788,HR,Female
789,PR,Female
790,IT,Male
791,Sales,Male
792,HR,Female
793,PR,Male
794,IT,Male
795,Sales,Female
796,HR,Male
797,PR,Female
798,IT,Male
799,Sales,Male
800,HR,Male
801,PR,Female
802,IT,Male
803,Sales,Male
804,HR,Male
805,PR,Female
806,IT,Female
807,Sales,Male
808,HR,Female
809,PR,Female
810,IT,Male
811,Sales,Male
812,HR,Female
813,PR,Female
814,IT,Male
815,Sales,Male
816,HR,Female
817,PR,Male
818,IT,Female
819,Sales,Male
820,HR,Female
821,PR,Male
822,IT,Male
823,Sales,Male
824,HR,Male
825,PR,Male
826,IT,Male
827,Sales,Female
828,HR,Female
829,PR,Female
830,IT,Male
831,Sales,Male
832,HR,Female
833,PR,Female
834,IT,Male
835,Sales,Male
836,HR,Female
837,PR,Male
838,IT,Female
839,Sales,Male
840,HR,Male
841,PR,Female
842,IT,Male
843,Sales,Male
844,HR,Male
845,PR,Male
846,IT,Male
847,Sales,Male
848,HR,Female
849,PR,Male
850,IT,Male
851,Sales,Male
852,HR,Female
853,PR,Female
854,IT,Male
855,Sales,Male
856,HR,Male
857,PR,Male
858,IT,Male
859,Sales,Female
860,HR,Female
861,PR,Male
862,IT,Male
863,Sales,Male
864,HR,Male
865,PR,Female
866,IT,Male
867,Sales,Female
868,HR,Female
869,PR,Female
870,IT,Male
871,Sales,Male
872,HR,Male
873,PR,Female
874,IT,Female
875,Sales,Male
876,HR,Female
877,PR,Female
878,IT,Male
879,Sales,Female
880,HR,Female
881,PR,Female
882,IT,Female
883,Sales,Female
884,HR,Male
885,PR,Male
886,IT,Male
887,Sales,Female
888,HR,Female
889,PR,Female
890,IT,Male
891,Sales,Male
892,HR,Female
893,PR,Female
894,IT,Male
895,Sales,Female
896,HR,Female
897,PR,Female
898,IT,Female
899,Sales,Male
900,HR,Female
901,PR,Male
902,IT,Male
903,Sales,Male
904,HR,Female
905,PR,Female
906,IT,Male
907,Sales,Male
908,HR,Male
909,PR,Female
910,IT,Male
911,Sales,Male
912,HR,Male
913,PR,Female
914,IT,Male
915,Sales,Male
916,HR,Female
917,PR,Female
918,IT,Male
919,Sales,Male
920,HR,Female
921,PR,Male
922,IT,Male
923,Sales,Male
924,HR,Male
925,PR,Male
926,IT,Male
927,Sales,Male
928,HR,Female
929,PR,Male
930,IT,Female
931,Sales,Female
932,HR,Male
933,PR,Female
934,IT,Female
935,Sales,Male
936,HR,Male
937,PR,Female
938,IT,Male
939,Sales,Male
940,HR,Female
941,PR,Male
942,IT,Male
943,Sales,Male
944,HR,Male
945,PR,Female
946,IT,Female
947,Sales,Male
948,HR,Female
949,PR,Male
950,IT,Male
951,Sales,Male
952,HR,Male
953,PR,Male
954,IT,Male
955,Sales,Male
956,HR,Male
957,PR,Female
958,IT,Male
959,Sales,Male
960,HR,Female
961,PR,Male
962,IT,Male
963,Sales,Male
964,HR,Male
965,PR,Female
966,IT,Female
967,Sales,Female
968,HR,Male
969,PR,Female
970,IT,Male
971,Sales,Female
972,HR,Female
973,PR,Male
974,IT,Male
975,Sales,Female
976,HR,Female
977,PR,Female
978,IT,Male
979,Sales,Female
980,HR,Female
981,PR,Female
982,IT,Male
983,Sales,Female
984,HR,Female
985,PR,Male
986,IT,Male
987,Sales,Male
988,HR,Female
989,PR,Male
990,IT,Female
991,Sales,Male
992,HR,Female
993,PR,Female
994,IT,Male
995,Sales,Male
996,HR,Female
997,PR,Female
998,IT,Male
999,Sales,Male
1000,HR,Male
1001,PR,Female
1002,IT,Male
1003,Sales,Male
1004,HR,Male
1005,PR,Female
1006,IT,Male
1007,Sales,Female
1008,HR,Female
1009,PR,Male
1010,IT,Male
1011,Sales,Male
1012,HR,Female
1013,PR,Female
1014,IT,Female
1015,Sales,Male
1016,HR,Female
1017,PR,Female
1018,IT,Male
1019,Sales,Female
1020,HR,Male
1021,PR,Female
1022,IT,Female
1023,Sales,Male
1024,HR,Female
1025,PR,Female
1026,IT,Male
1027,Sales,Female
1028,HR,Male
1029,PR,Female
1030,IT,Female
1031,Sales,Female
1032,HR,Female
1033,PR,Male
1034,IT,Female
1035,Sales,Female
1036,HR,Male
1037,PR,Female
1038,IT,Male
1039,Sales,Female
1040,HR,Female
1041,PR,Male
1042,IT,Male
1043,Sales,Male
1044,HR,Female
1045,PR,Male
1046,IT,Male
1047,Sales,Female
1048,HR,Female
1049,PR,Male
1050,IT,Female
1051,Sales,Male
1052,HR,Male
1053,PR,Female
1054,IT,Male
1055,Sales,Male
1056,HR,Female
1057,PR,Female
1058,IT,Male
1059,Sales,Male
1060,HR,Female
1061,PR,Male
1062,IT,Female
1063,Sales,Female
1064,HR,Female
1065,PR,Female
1066,IT,Male
1067,Sales,Male
1068,HR,Female
1069,PR,Female
1070,IT,Male
1071,Sales,Male
1072,HR,Female
1073,PR,Female
1074,IT,Female
1075,Sales,Male
1076,HR,Male
1077,PR,Male
1078,IT,Male
1079,Sales,Male
1080,HR,Female
1081,PR,Female
1082,IT,Female
1083,Sales,Female
1084,HR,Female
1085,PR,Female
1086,IT,Female
1087,Sales,Male
1088,HR,Female
1089,PR,Female
1090,IT,Female
1091,Sales,Male
1092,HR,Female
1093,PR,Male
1094,IT,Female
1095,Sales,Female
1096,HR,Male
1097,PR,Male
1098,IT,Male
1099,Sales,Male
1100,HR,Female
1101,PR,Female
1102,IT,Female
1103,Sales,Male
1104,HR,Female
1105,PR,Male
1106,IT,Male
1107,Sales,Male
1108,HR,Male
1109,PR,Female
1110,IT,Male
1111,Sales,Male
1112,HR,Female
1113,PR,Male
1114,IT,Female
1115,Sales,Female
1116,HR,Male
1117,PR,Female
1118,IT,Male
1119,Sales,Male
1120,HR,Male
1121,PR,Male
1122,IT,Male
1123,Sales,Male
1124,HR,Female
1125,PR,Male
1126,IT,Female
1127,Sales,Male
1128,HR,Male
1129,PR,Female
1130,IT,Female
1131,Sales,Male
1132,HR,Female
1133,PR,Female
1134,IT,Female
1135,Sales,Male
1136,HR,Female
1137,PR,Female
1138,IT,Female
1139,Sales,Male
1140,HR,Female
1141,PR,Male
1142,IT,Female
1143,Sales,Male
1144,HR,Female
1145,PR,Female
1146,IT,Male
1147,Sales,Male
1148,HR,Female
1149,PR,Female
1150,IT,Female
1151,Sales,Female
1152,HR,Female
1153,PR,Male
1154,IT,Male
1155,Sales,Male
1156,HR,Female
1157,PR,Female
1158,IT,Male
1159,Sales,Male
1160,HR,Female
1161,PR,Female
1162,IT,Male
1163,Sales,Male
1164,HR,Female
1165,PR,Male
1166,IT,Female
1167,Sales,Male
1168,HR,Female
1169,PR,Female
1170,IT,Male
1171,Sales,Female
1172,HR,Female
1173,PR,Female
1174,IT,Male
1175,Sales,Female
1176,HR,Male
1177,PR,Female
1178,IT,Male
1179,Sales,Male
1180,HR,Female
1181,PR,Male
1182,IT,Male
1183,Sales,Female
1184,HR,Male
1185,PR,Female
1186,IT,Female
1187,Sales,Male
1188,HR,Male
1189,PR,Female
1190,IT,Male
1191,Sales,Male
1192,HR,Female
1193,PR,Female
1194,IT,Female
1195,Sales,Female
1196,HR,Male
1197,PR,Female
1198,IT,Male
1199,Sales,Male
1200,HR,Female
1201,PR,Male
1202,IT,Female
1203,Sales,Male
1204,HR,Female
1205,PR,Female
1206,IT,Male
1207,Sales,Female
1208,HR,Female
1209,PR,Female
1210,IT,Male
1211,Sales,Female
1212,HR,Female
1213,PR,Male
1214,IT,Male
1215,Sales,Male
1216,HR,Male
1217,PR,Male
1218,IT,Female
1219,Sales,Female
1220,HR,Female
1221,PR,Female
1222,IT,Male
1223,Sales,Male
1224,HR,Female
1225,PR,Male
1226,IT,Male
1227,Sales,Male
1228,HR,Male
1229,PR,Female
1230,IT,Male
1231,Sales,Male
1232,HR,Female
1233,PR,Female
1234,IT,Male
1235,Sales,Male
1236,HR,Female
1237,PR,Female
1238,IT,Male
1239,Sales,Female
1240,HR,Female
1241,PR,Female
1242,IT,Male
1243,Sales,Female
1244,HR,Female
1245,PR,Female
1246,IT,Male
1247,Sales,Female
1248,HR,Male
1249,PR,Male
1250,IT,Male
1251,Sales,Male
1252,HR,Female
1253,PR,Female
1254,IT,Male
1255,Sales,Male
1256,HR,Female
1257,PR,Male
1258,IT,Male
1259,Sales,Female
1260,HR,Female
1261,PR,Female
1262,IT,Female
1263,Sales,Female
1264,HR,Male
1265,PR,Female
1266,IT,Male
1267,Sales,Male
1268,HR,Female
1269,PR,Female
1270,IT,Male
1271,Sales,Male
1272,HR,Female
1273,PR,Female
1274,IT,Male
1275,Sales,Female
1276,HR,Female
1277,PR,Female
1278,IT,Male
1279,Sales,Male
1280,HR,Female
1281,PR,Female
1282,IT,Female
1283,Sales,Male
1284,HR,Female
1285,PR,Male
1286,IT,Male
1287,Sales,Male
1288,HR,Male
1289,PR,Female
1290,IT,Male
1291,Sales,Female
1292,HR,Female
1293,PR,Male
1294,IT,Male
1295,Sales,Male
1296,HR,Female
1297,PR,Male
1298,IT,Male
1299,Sales,Male
1300,HR,Male
1301,PR,Male
1302,IT,Male
1303,Sales,Male
1304,HR,Male
1305,PR,Male
1306,IT,Male
1307,Sales,Male
1308,HR,Female
1309,PR,Female
1310,IT,Male
1311,Sales,Female
1312,HR,Female
1313,PR,Male
1314,IT,Male
1315,Sales,Female
1316,HR,Female
1317,PR,Female
1318,IT,Male
1319,Sales,Female
1320,HR,Male
1321,PR,Male
1322,IT,Male
1323,Sales,Female
1324,HR,Female
1325,PR,Male
1326,IT,Female
1327,Sales,Male
1328,HR,Female
1329,PR,Male
1330,IT,Male
1331,Sales,Male
1332,HR,Female
1333,PR,Female
1334,IT,Male
1335,Sales,Male
1336,HR,Female
1337,PR,Female
1338,IT,Male
1339,Sales,Male
1340,HR,Female
1341,PR,Female
1342,IT,Male
1343,Sales,Male
1344,HR,Female
1345,PR,Male
1346,IT,Male
1347,Sales,Male
1348,HR,Male
1349,PR,Female
1350,IT,Male
1351,Sales,Male
1352,HR,Female
1353,PR,Male
1354,IT,Male
1355,Sales,Male
1356,HR,Female
1357,PR,Female
1358,IT,Male
1359,Sales,Male
1360,HR,Female
1361,PR,Female
1362,IT,Male
1363,Sales,Male
1364,HR,Female
1365,PR,Male
1366,IT,Male
1367,Sales,Male
1368,HR,Female
1369,PR,Female
1370,IT,Male
1371,Sales,Female
1372,HR,Female
1373,PR,Female
1374,IT,Female
1375,Sales,Female
1376,HR,Female
1377,PR,Female
1378,IT,Male
1379,Sales,Male
1380,HR,Female
1381,PR,Male
1382,IT,Male
1383,Sales,Male
1384,HR,Male
1385,PR,Female
1386,IT,Male
1387,Sales,Male
1388,HR,Female
1389,PR,Female
1390,IT,Male
1391,Sales,Male
1392,HR,Female
1393,PR,Female
1394,IT,Female
1395,Sales,Male
1396,HR,Female
1397,PR,Male
1398,IT,Male
1399,Sales,Female
1400,HR,Female
1401,PR,Female
1402,IT,Female
1403,Sales,Male
1404,HR,Male
1405,PR,Female
1406,IT,Female
1407,Sales,Male
1408,HR,Female
1409,PR,Female
1410,IT,Male
1411,Sales,Female
1412,HR,Female
1413,PR,Female
1414,IT,Male
1415,Sales,Female
1416,HR,Female
1417,PR,Male
1418,IT,Female
1419,Sales,Male
1420,HR,Female
1421,PR,Female
1422,IT,Male
1423,Sales,Male
1424,HR,Female
1425,PR,Female
1426,IT,Male
1427,Sales,Male
1428,HR,Male
1429,PR,Female
1430,IT,Female
1431,Sales,Male
1432,HR,Female
1433,PR,Male
1434,IT,Male
1435,Sales,Male
1436,HR,Male
1437,PR,Female
1438,IT,Female
1439,Sales,Male
1440,HR,Male
1441,PR,Female
1442,IT,Male
1443,Sales,Male
1444,HR,Female
1445,PR,Female
1446,IT,Male
1447,Sales,Female
1448,HR,Male
1449,PR,Female
1450,IT,Male
1451,Sales,Female
1452,HR,Female
1453,PR,Female
1454,IT,Male
1455,Sales,Male
1456,HR,Male
1457,PR,Female
1458,IT,Female
1459,Sales,Male
1460,HR,Female
1461,PR,Female
1462,IT,Male
1463,Sales,Male
1464,HR,Female
1465,PR,Female
1466,IT,Male
1467,Sales,Male
1468,HR,Male
1469,PR,Male
1470,IT,Male
1471,Sales,Male
1472,HR,Female
1473,PR,Female
1474,IT,Male
1475,Sales,Male
1476,HR,Male
1477,PR,Male
1478,IT,Female
1479,Sales,Male
1480,HR,Male
1481,PR,Female
1482,IT,Male
1483,Sales,Female
1484,HR,Female
1485,PR,Female
1486,IT,Male
1487,Sales,Male
1488,HR,Female
1489,PR,Female
1490,IT,Female
1491,Sales,Male
1492,HR,Female
1493,PR,Male
1494,IT,Male
1495,Sales,Male
1496,HR,Male
1497,PR,Female
1498,IT,Male
1499,Sales,Male
1500,HR,Male
1501,PR,Male
1502,IT,Male
1503,Sales,Female
1504,HR,Female
1505,PR,Male
1506,IT,Female
1507,Sales,Female
1508,HR,Male
1509,PR,Female
1510,IT,Male
1511,Sales,Male
1512,HR,Female
1513,PR,Male
1514,IT,Male
1515,Sales,Male
1516,HR,Male
1517,PR,Female
1518,IT,Male
1519,Sales,Male
1520,HR,Female
1521,PR,Female
1522,IT,Female
1523,Sales,Male
1524,HR,Female
1525,PR,Female
1526,IT,Male
1527,Sales,Female
1528,HR,Female
1529,PR,Female
1530,IT,Male
1531,Sales,Female
1532,HR,Male
1533,PR,Female
1534,IT,Female
1535,Sales,Male
1536,HR,Female
1537,PR,Male
1538,IT,Male
1539,Sales,Female
1540,HR,Female
1541,PR,Male
1542,IT,Male
1543,Sales,Male
1544,HR,Female
1545,PR,Female
1546,IT,Male
1547,Sales,Male
1548,HR,Female
1549,PR,Male
1550,IT,Male
1551,Sales,Male
1552,HR,Female
1553,PR,Female
1554,IT,Female
1555,Sales,Female
1556,HR,Male
1557,PR,Female
1558,IT,Male
1559,Sales,Male
1560,HR,Male
1561,PR,Female
1562,IT,Male
1563,Sales,Female
1564,HR,Female
1565,PR,Male
1566,IT,Male
1567,Sales,Male
1568,HR,Male
1569,PR,Male
1570,IT,Female
1571,Sales,Male
1572,HR,Female
1573,PR,Female
1574,IT,Male
1575,Sales,Male
1576,HR,Male
1577,PR,Male
1578,IT,Male
1579,Sales,Female
1580,HR,Male
1581,PR,Female
1582,IT,Male
1583,Sales,Female
1584,HR,Female
1585,PR,Female
1586,IT,Female
1587,Sales,Female
1588,HR,Female
1589,PR,Female
1590,IT,Male
1591,Sales,Male
1592,HR,Male
1593,PR,Female
1594,IT,Male
1595,Sales,Male
1596,HR,Female
1597,PR,Female
1598,IT,Male
1599,Sales,Male
1600,HR,Female
1601,PR,Male
1602,IT,Female
1603,Sales,Male
1604,HR,Female
1605,PR,Female
1606,IT,Male
1607,Sales,Male
1608,HR,Male
1609,PR,Female
1610,IT,Female
1611,Sales,Male
1612,HR,Female
1613,PR,Male
1614,IT,Male
1615,Sales,Male
1616,HR,Female
1617,PR,Female
1618,IT,Male
1619,Sales,Female
1620,HR,Male
1621,PR,Female
1622,IT,Male
1623,Sales,Male
1624,HR,Female
1625,PR,Female
1626,IT,Female
1627,Sales,Male
1628,HR,Female
1629,PR,Female
1630,IT,Male
1631,Sales,Female
1632,HR,Female
1633,PR,Male
1634,IT,Male
1635,Sales,Male
1636,HR,Female
1637,PR,Female
1638,IT,Male
1639,Sales,Female
1640,HR,Female
1641,PR,Female
1642,IT,Female
1643,Sales,Female
1644,HR,Female
1645,PR,Female
1646,IT,Male
1647,Sales,Female
1648,HR,Male
1649,PR,Female
1650,IT,Male
1651,Sales,Male
1652,HR,Female
1653,PR,Male
1654,IT,Male
1655,Sales,Male
1656,HR,Female
1657,PR,Female
1658,IT,Female
1659,Sales,Male
1660,HR,Female
1661,PR,Male
1662,IT,Female
1663,Sales,Male
1664,HR,Female
1665,PR,Female
1666,IT,Male
1667,Sales,Male
1668,HR,Female
1669,PR,Female
1670,IT,Male
1671,Sales,Male
1672,HR,Male
1673,PR,Male
1674,IT,Male
1675,Sales,Male
1676,HR,Female
1677,PR,Female
1678,IT,Female
1679,Sales,Male
1680,HR,Female
1681,PR,Female
1682,IT,Male
1683,Sales,Female
1684,HR,Male
1685,PR,Male
1686,IT,Female
1687,Sales,Male
1688,HR,Female
1689,PR,Male
1690,IT,Male
1691,Sales,Male
1692,HR,Male
1693,PR,Female
1694,IT,Male
1695,Sales,Male
1696,HR,Female
1697,PR,Female
1698,IT,Male
1699,Sales,Male
1700,HR,Female
1701,PR,Female
1702,IT,Male
1703,Sales,Female
1704,HR,Female
1705,PR,Female
1706,IT,Male
1707,Sales,Male
1708,HR,Female
1709,PR,Female
1710,IT,Male
1711,Sales,Male
1712,HR,Female
1713,PR,Female
1714,IT,Male
1715,Sales,Male
1716,HR,Female
1717,PR,Male
1718,IT,Male
1719,Sales,Male
1720,HR,Female
1721,PR,Male
1722,IT,Female
1723,Sales,Male
1724,HR,Male
1725,PR,Male
1726,IT,Male
1727,Sales,Male
1728,HR,Female
1729,PR,Female
1730,IT,Female
1731,Sales,Male
1732,HR,Female
1733,PR,Male
1734,IT,Female
1735,Sales,Male
1736,HR,Female
1737,PR,Male
1738,IT,Female
1739,Sales,Female
1740,HR,Female
1741,PR,Female
1742,IT,Male
1743,Sales,Male
1744,HR,Male
1745,PR,Male
1746,IT,Male
1747,Sales,Male
1748,HR,Female
1749,PR,Female
1750,IT,Female
1751,Sales,Female
1752,HR,Female
1753,PR,Female
1754,IT,Male
1755,Sales,Female
1756,HR,Male
1757,PR,Female
1758,IT,Male
1759,Sales,Male
1760,HR,Female
1761,PR,Male
1762,IT,Male
1763,Sales,Male
1764,HR,Female
1765,PR,Female
1766,IT,Male
1767,Sales,Female
1768,HR,Male
1769,PR,Female
1770,IT,Male
1771,Sales,Female
1772,HR,Female
1773,PR,Female
1774,IT,Male
1775,Sales,Male
1776,HR,Male
1777,PR,Female
1778,IT,Female
1779,Sales,Male
1780,HR,Female
1781,PR,Male
1782,IT,Male
1783,Sales,Male
1784,HR,Male
1785,PR,Female
1786,IT,Male
1787,Sales,Male
1788,HR,Female
1789,PR,Female
1790,IT,Female
1791,Sales,Male
1792,HR,Female
1793,PR,Female
1794,IT,Male
1795,Sales,Male
1796,HR,Female
1797,PR,Female
1798,IT,Male
1799,Sales,Female
1800,HR,Female
1801,PR,Female
1802,IT,Male
1803,Sales,Female
1804,HR,Female
1805,PR,Male
1806,IT,Female
1807,Sales,Male
1808,HR,Female
1809,PR,Female
1810,IT,Male
1811,Sales,Male
1812,HR,Male
1813,PR,Male
1814,IT,Male
1815,Sales,Female
1816,HR,Male
1817,PR,Female
1818,IT,Male
1819,Sales,Male
1820,HR,Female
1821,PR,Female
1822,IT,Male
1823,Sales,Male
1824,HR,Male
1825,PR,Male
1826,IT,Female
1827,Sales,Male
1828,HR,Female
1829,PR,Male
1830,IT,Male
1831,Sales,Male
1832,HR,Female
1833,PR,Male
1834,IT,Male
1835,Sales,Male
1836,HR,Male
1837,PR,Female
1838,IT,Male
1839,Sales,Female
1840,HR,Male
1841,PR,Female
1842,IT,Male
1843,Sales,Male
1844,HR,Female
1845,PR,Male
1846,IT,Male
1847,Sales,Male
1848,HR,Female
1849,PR,Female
1850,IT,Female
1851,Sales,Male
1852,HR,Female
1853,PR,Female
1854,IT,Male
1855,Sales,Male
1856,HR,Female
1857,PR,Male
1858,IT,Female
1859,Sales,Male
1860,HR,Male
1861,PR,Male
1862,IT,Male
1863,Sales,Female
1864,HR,Female
1865,PR,Female
1866,IT,Female
1867,Sales,Female
1868,HR,Female
1869,PR,Female
1870,IT,Female
1871,Sales,Male
1872,HR,Male
1873,PR,Female
1874,IT,Male
1875,Sales,Female
1876,HR,Female
1877,PR,Male
1878,IT,Female
1879,Sales,Female
1880,HR,Female
1881,PR,Female
1882,IT,Male
1883,Sales,Male
1884,HR,Female
1885,PR,Female
1886,IT,Female
1887,Sales,Male
1888,HR,Female
1889,PR,Female
1890,IT,Female
1891,Sales,Female
1892,HR,Female
1893,PR,Male
1894,IT,Male
1895,Sales,Male
1896,HR,Female
1897,PR,Female
1898,IT,Male
1899,Sales,Male
1900,HR,Female
1901,PR,Female
1902,IT,Male
1903,Sales,Male
1904,HR,Female
1905,PR,Female
1906,IT,Male
1907,Sales,Female
1908,HR,Female
1909,PR,Female
1910,IT,Male
1911,Sales,Male
1912,HR,Female
1913,PR,Female
1914,IT,Male
1915,Sales,Male
1916,HR,Female
1917,PR,Female
1918,IT,Male
1919,Sales,Female
1920,HR,Female
1921,PR,Male
1922,IT,Male
1923,Sales,Male
1924,HR,Female
1925,PR,Female
1926,IT,Male
1927,Sales,Male
1928,HR,Female
1929,PR,Female
1930,IT,Male
1931,Sales,Male
1932,HR,Female
1933,PR,Female
1934,IT,Male
1935,Sales,Female
1936,HR,Male
1937,PR,Male
1938,IT,Female
1939,Sales,Male
1940,HR,Female
1941,PR,Female
1942,IT,Male
1943,Sales,Male
1944,HR,Male
1945,PR,Male
1946,IT,Male
1947,Sales,Male
1948,HR,Female
1949,PR,Male
1950,IT,Male
1951,Sales,Male
1952,HR,Female
1953,PR,Male
1954,IT,Male
1955,Sales,Male
1956,HR,Female
1957,PR,Female
1958,IT,Male
1959,Sales,Male
1960,HR,Female
1961,PR,Female
1962,IT,Female
1963,Sales,Female
1964,HR,Female
1965,PR,Male
1966,IT,Male
1967,Sales,Male
1968,HR,Male
1969,PR,Female
1970,IT,Male
1971,Sales,Female
1972,HR,Male
1973,PR,Male
1974,IT,Female
1975,Sales,Male
1976,HR,Female
1977,PR,Male
1978,IT,Male
1979,Sales,Female
1980,HR,Female
1981,PR,Female
1982,IT,Female
1983,Sales,Male
1984,HR,Female
1985,PR,Female
1986,IT,Male
1987,Sales,Male
1988,HR,Female
1989,PR,Female
1990,IT,Male
1991,Sales,Female
1992,HR,Female
1993,PR,Female
1994,IT,Male
1995,Sales,Male
1996,HR,Female
1997,PR,Female
1998,IT,Male
1999,Sales,Female
2000,HR,Female
2001,PR,Female
2002,IT,Male
2003,Sales,Female
2004,HR,Female
2005,PR,Female
2006,IT,Male
2007,Sales,Male
2008,HR,Male
2009,PR,Female
2010,IT,Male
2011,Sales,Male
2012,HR,Male
2013,PR,Male
2014,IT,Male
2015,Sales,Male
2016,HR,Female
2017,PR,Female
2018,IT,Female
2019,Sales,Male
2020,HR,Male
2021,PR,Female
2022,IT,Male
2023,Sales,Female
2024,HR,Female
2025,PR,Male
2026,IT,Male
2027,Sales,Male
2028,HR,Male
2029,PR,Female
2030,IT,Female
2031,Sales,Female
2032,HR,Female
2033,PR,Male
2034,IT,Male
2035,Sales,Male
2036,HR,Female
2037,PR,Male
2038,IT,Female
2039,Sales,Female
2040,HR,Female
2041,PR,Female
2042,IT,Male
2043,Sales,Female
2044,HR,Male
2045,PR,Male
2046,IT,Male
2047,Sales,Male
2048,HR,Male
2049,PR,Female
2050,IT,Male
2051,Sales,Female
2052,HR,Male
2053,PR,Male
2054,IT,Female
2055,Sales,Male
2056,HR,Female
2057,PR,Female
2058,IT,Male
2059,Sales,Female
2060,HR,Male
2061,PR,Female
2062,IT,Male
2063,Sales,Male
2064,HR,Female
2065,PR,Female
2066,IT,Male
2067,Sales,Male
2068,HR,Female
2069,PR,Female
2070,IT,Male
2071,Sales,Male
2072,HR,Male
2073,PR,Male
2074,IT,Male
2075,Sales,Male
2076,HR,Female
2077,PR,Female
2078,IT,Female
2079,Sales,Female
2080,HR,Male
2081,PR,Female
2082,IT,Male
2083,Sales,Female
2084,HR,Female
2085,PR,Female
2086,IT,Male
2087,Sales,Male
2088,HR,Female
2089,PR,Male
2090,IT,Female
2091,Sales,Male
2092,HR,Male
2093,PR,Male
2094,IT,Male
2095,Sales,Female
2096,HR,Male
2097,PR,Female
2098,IT,Male
2099,Sales,Male
2100,HR,Male
2101,PR,Female
2102,IT,Male
2103,Sales,Female
2104,HR,Female
2105,PR,Male
2106,IT,Male
2107,Sales,Male
2108,HR,Male
2109,PR,Female
2110,IT,Male
2111,Sales,Female
2112,HR,Female
2113,PR,Female
2114,IT,Male
2115,Sales,Male
2116,HR,Female
2117,PR,Male
2118,IT,Male
2119,Sales,Male
2120,HR,Female
2121,PR,Female
2122,IT,Male
2123,Sales,Female
2124,HR,Female
2125,PR,Female
2126,IT,Male
2127,Sales,Female
2128,HR,Male
2129,PR,Male
2130,IT,Male
2131,Sales,Male
2132,HR,Female
2133,PR,Female
2134,IT,Female
2135,Sales,Female
2136,HR,Female
2137,PR,Male
2138,IT,Male
2139,Sales,Male
2140,HR,Female
2141,PR,Female
2142,IT,Male
2143,Sales,Male
2144,HR,Female
2145,PR,Male
2146,IT,Male
2147,Sales,Male
2148,HR,Male
2149,PR,Male
2150,IT,Female
2151,Sales,Male
2152,HR,Female
2153,PR,Female
2154,IT,Female
2155,Sales,Female
2156,HR,Female
2157,PR,Female
2158,IT,Male
2159,Sales,Male
2160,HR,Male
2161,PR,Female
2162,IT,Male
2163,Sales,Female
2164,HR,Female
2165,PR,Male
2166,IT,Male
2167,Sales,Male
2168,HR,Female
2169,PR,Female
2170,IT,Male
2171,Sales,Male
2172,HR,Female
2173,PR,Female
2174,IT,Male
2175,Sales,Female
2176,HR,Male
2177,PR,Female
2178,IT,Male
2179,Sales,Male
2180,HR,Female
2181,PR,Female
2182,IT,Female
2183,Sales,Female
2184,HR,Male
2185,PR,Female
2186,IT,Male
2187,Sales,Female
2188,HR,Male
2189,PR,Female
2190,IT,Male
2191,Sales,Male
2192,HR,Female
2193,PR,Male
2194,IT,Female
2195,Sales,Male
2196,HR,Male
2197,PR,Female
2198,IT,Male
2199,Sales,Male
2200,HR,Female
2201,PR,Male
2202,IT,Female
2203,Sales,Female
2204,HR,Male
2205,PR,Female
2206,IT,Male
2207,Sales,Male
2208,HR,Female
2209,PR,Male
2210,IT,Male
2211,Sales,Female
2212,HR,Female
2213,PR,Male
2214,IT,Male
2215,Sales,Female
2216,HR,Female
2217,PR,Male
2218,IT,Male
2219,Sales,Male
2220,HR,Female
2221,PR,Female
2222,IT,Female
2223,Sales,Female
2224,HR,Female
2225,PR,Female
2226,IT,Female
2227,Sales,Female
2228,HR,Female
2229,PR,Female
2230,IT,Male
2231,Sales,Female
2232,HR,Female
2233,PR,Female
2234,IT,Male
2235,Sales,Female
2236,HR,Female
2237,PR,Female
2238,IT,Male
2239,Sales,Female
2240,HR,Male
2241,PR,Male
2242,IT,Male
2243,Sales,Male
2244,HR,Female
2245,PR,Female
2246,IT,Female
2247,Sales,Female
2248,HR,Female
2249,PR,Female
2250,IT,Male
2251,Sales,Male
2252,HR,Female
2253,PR,Female
2254,IT,Female
2255,Sales,Female
2256,HR,Female
2257,PR,Female
2258,IT,Female
2259,Sales,Female
2260,HR,Female
2261,PR,Male
2262,IT,Male
2263,Sales,Male
2264,HR,Male
2265,PR,Female
2266,IT,Male
2267,Sales,Male
2268,HR,Male
2269,PR,Male
2270,IT,Female
2271,Sales,Female
2272,HR,Male
2273,PR,Female
2274,IT,Male
2275,Sales,Male
2276,HR,Male
2277,PR,Female
2278,IT,Male
2279,Sales,Male
2280,HR,Female
2281,PR,Female
2282,IT,Male
2283,Sales,Male
2284,HR,Female
2285,PR,Female
2286,IT,Male
2287,Sales,Male
2288,HR,Female
2289,PR,Male
2290,IT,Male
2291,Sales,Male
2292,HR,Female
2293,PR,Male
2294,IT,Male
2295,Sales,Female
2296,HR,Female
2297,PR,Male
2298,IT,Male
2299,Sales,Male
2300,HR,Female
2301,PR,Female
2302,IT,Female
2303,Sales,Male
2304,HR,Female
2305,PR,Male
2306,IT,Female
2307,Sales,Male
2308,HR,Female
2309,PR,Female
2310,IT,Male
2311,Sales,Male
2312,HR,Female
2313,PR,Female
2314,IT,Male
2315,Sales,Male
2316,HR,Male
2317,PR,Female
2318,IT,Male
2319,Sales,Female
2320,HR,Male
2321,PR,Male
2322,IT,Male
2323,Sales,Male
2324,HR,Female
2325,PR,Male
2326,IT,Male
2327,Sales,Male
2328,HR,Male
2329,PR,Male
2330,IT,Male
2331,Sales,Female
2332,HR,Female
2333,PR,Female
2334,IT,Male
2335,Sales,Male
2336,HR,Female
2337,PR,Female
2338,IT,Male
2339,Sales,Male
2340,HR,Female
2341,PR,Female
2342,IT,Male
2343,Sales,Female
2344,HR,Female
2345,PR,Female
2346,IT,Male
2347,Sales,Female
2348,HR,Male
2349,PR,Female
2350,IT,Male
2351,Sales,Male
2352,HR,Female
2353,PR,Female
2354,IT,Male
2355,Sales,Male
2356,HR,Female
2357,PR,Female
2358,IT,Male
2359,Sales,Male
2360,HR,Female
2361,PR,Male
2362,IT,Male
2363,Sales,Male
2364,HR,Female
2365,PR,Male
2366,IT,Female
2367,Sales,Female
2368,HR,Female
2369,PR,Female
2370,IT,Male
2371,Sales,Female
2372,HR,Female
2373,PR,Female
2374,IT,Male
2375,Sales,Male
2376,HR,Female
2377,PR,Female
2378,IT,Female
2379,Sales,Male
2380,HR,Female
2381,PR,Male
2382,IT,Female
2383,Sales,Male
2384,HR,Male
2385,PR,Female
2386,IT,Female
2387,Sales,Male
2388,HR,Female
2389,PR,Female
2390,IT,Male
2391,Sales,Female
2392,HR,Male
2393,PR,Female
2394,IT,Male
2395,Sales,Male
2396,HR,Female
2397,PR,Female
2398,IT,Male
2399,Sales,Male
2400,HR,Female
2401,PR,Male
2402,IT,Male
2403,Sales,Female
2404,HR,Female
2405,PR,Female
2406,IT,Female
2407,Sales,Female
2408,HR,Female
2409,PR,Female
2410,IT,Male
2411,Sales,Male
2412,HR,Female
2413,PR,Female
2414,IT,Male
2415,Sales,Female
2416,HR,Female
2417,PR,Male
2418,IT,Male
2419,Sales,Male
2420,HR,Female
2421,PR,Female
2422,IT,Female
2423,Sales,Female
2424,HR,Female
2425,PR,Female
2426,IT,Male
2427,Sales,Female
2428,HR,Female
2429,PR,Male
2430,IT,Male
2431,Sales,Male
2432,HR,Female
2433,PR,Male
2434,IT,Male
2435,Sales,Male
2436,HR,Female
2437,PR,Female
2438,IT,Female
2439,Sales,Male
2440,HR,Female
2441,PR,Female
2442,IT,Male
2443,Sales,Female
2444,HR,Female
2445,PR,Male
2446,IT,Male
2447,Sales,Male
2448,HR,Female
2449,PR,Female
2450,IT,Male
2451,Sales,Male
2452,HR,Female
2453,PR,Male
2454,IT,Female
2455,Sales,Male
2456,HR,Female
2457,PR,Male
2458,IT,Female
2459,Sales,Male
2460,HR,Male
2461,PR,Female
2462,IT,Male
2463,Sales,Male
2464,HR,Female
2465,PR,Male
2466,IT,Male
2467,Sales,Male
2468,HR,Male
2469,PR,Female
2470,IT,Male
2471,Sales,Male
2472,HR,Female
2473,PR,Male
2474,IT,Male
2475,Sales,Female
2476,HR,Female
2477,PR,Female
2478,IT,Female
2479,Sales,Female
2480,HR,Female
2481,PR,Female
2482,IT,Male
2483,Sales,Female
2484,HR,Female
2485,PR,Female
2486,IT,Male
2487,Sales,Male
2488,HR,Male
2489,PR,Male
2490,IT,Female
2491,Sales,Male
2492,HR,Male
2493,PR,Male
2494,IT,Male
2495,Sales,Male
2496,HR,Female
2497,PR,Male
2498,IT,Female
2499,Sales,Male
2500,HR,Male
2501,PR,Male
2502,IT,Male
2503,Sales,Male
2504,HR,Female
2505,PR,Female
2506,IT,Male
2507,Sales,Male
2508,HR,Female
2509,PR,Male
2510,IT,Female
2511,Sales,Male
2512,HR,Female
2513,PR,Male
2514,IT,Male
2515,Sales,Male
2516,HR,Female
2517,PR,Female
2518,IT,Male
2519,Sales,Male
2520,HR,Male
2521,PR,Female
2522,IT,Male
2523,Sales,Male
2524,HR,Female
2525,PR,Female
2526,IT,Female
2527,Sales,Male
2528,HR,Female
2529,PR,Female
2530,IT,Male
2531,Sales,Female
2532,HR,Female
2533,PR,Female
2534,IT,Male
2535,Sales,Male
2536,HR,Female
2537,PR,Female
2538,IT,Female
2539,Sales,Male
2540,HR,Female
2541,PR,Female
2542,IT,Male
2543,Sales,Male
2544,HR,Female
2545,PR,Male
2546,IT,Female
2547,Sales,Male
2548,HR,Female
2549,PR,Male
2550,IT,Female
2551,Sales,Male
2552,HR,Female
2553,PR,Male
2554,IT,Female
2555,Sales,Male
2556,HR,Male
2557,PR,Female
2558,IT,Male
2559,Sales,Female
2560,HR,Female
2561,PR,Female
2562,IT,Male
2563,Sales,Male
2564,HR,Female
2565,PR,Female
2566,IT,Female
2567,Sales,Female
2568,HR,Female
2569,PR,Female
2570,IT,Male
2571,Sales,Male
2572,HR,Male
2573,PR,Female
2574,IT,Female
2575,Sales,Female
2576,HR,Female
2577,PR,Male
2578,IT,Female
2579,Sales,Female
2580,HR,Male
2581,PR,Female
2582,IT,Male
2583,Sales,Male
2584,HR,Female
2585,PR,Male
2586,IT,Female
2587,Sales,Male
2588,HR,Female
2589,PR,Male
2590,IT,Male
2591,Sales,Male
2592,HR,Female
2593,PR,Female
2594,IT,Male
2595,Sales,Male
2596,HR,Male
2597,PR,Female
2598,IT,Female
2599,Sales,Male
2600,HR,Female
2601,PR,Female
2602,IT,Male
2603,Sales,Female
2604,HR,Female
2605,PR,Female
2606,IT,Female
2607,Sales,Male
2608,HR,Female
2609,PR,Female
2610,IT,Male
2611,Sales,Male
2612,HR,Male
2613,PR,Male
2614,IT,Male
2615,Sales,Male
2616,HR,Female
2617,PR,Male
2618,IT,Male
2619,Sales,Female
2620,HR,Male
2621,PR,Male
2622,IT,Male
2623,Sales,Female
2624,HR,Female
2625,PR,Female
2626,IT,Male
2627,Sales,Male
2628,HR,Male
2629,PR,Male
2630,IT,Female
2631,Sales,Male
2632,HR,Female
2633,PR,Female
2634,IT,Male
2635,Sales,Male
2636,HR,Male
2637,PR,Male
2638,IT,Female
2639,Sales,Female
2640,HR,Female
2641,PR,Female
2642,IT,Female
2643,Sales,Male
2644,HR,Female
2645,PR,Female
2646,IT,Male
2647,Sales,Male
2648,HR,Female
2649,PR,Female
2650,IT,Male
2651,Sales,Male
2652,HR,Female
2653,PR,Female
2654,IT,Male
2655,Sales,Female
2656,HR,Male
2657,PR,Female
2658,IT,Male
2659,Sales,Male
2660,HR,Male
2661,PR,Male
2662,IT,Female
2663,Sales,Male
2664,HR,Female
2665,PR,Male
2666,IT,Female
2667,Sales,Female
2668,HR,Female
2669,PR,Female
2670,IT,Male
2671,Sales,Female
2672,HR,Male
2673,PR,Male
2674,IT,Female
2675,Sales,Male
2676,HR,Female
2677,PR,Female
2678,IT,Male
2679,Sales,Male
2680,HR,Male
2681,PR,Male
2682,IT,Female
2683,Sales,Female
2684,HR,Male
2685,PR,Female
2686,IT,Male
2687,Sales,Male
2688,HR,Female
2689,PR,Male
2690,IT,Male
2691,Sales,Female
2692,HR,Female
2693,PR,Female
2694,IT,Female
2695,Sales,Male
2696,HR,Female
2697,PR,Female
2698,IT,Male
2699,Sales,Male
2700,HR,Female
2701,PR,Female
2702,IT,Male
2703,Sales,Male
2704,HR,Female
2705,PR,Female
2706,IT,Female
2707,Sales,Male
2708,HR,Female
2709,PR,Female
2710,IT,Male
2711,Sales,Female
2712,HR,Male
2713,PR,Male
2714,IT,Male
2715,Sales,Male
2716,HR,Male
2717,PR,Female
2718,IT,Male
2719,Sales,Male
2720,HR,Female
2721,PR,Female
2722,IT,Female
2723,Sales,Male
2724,HR,Female
2725,PR,Male
2726,IT,Female
2727,Sales,Male
2728,HR,Male
2729,PR,Male
2730,IT,Female
2731,Sales,Male
2732,HR,Female
2733,PR,Male
2734,IT,Male
2735,Sales,Male
2736,HR,Female
2737,PR,Female
2738,IT,Male
2739,Sales,Female
2740,HR,Female
2741,PR,Female
2742,IT,Male
2743,Sales,Male
2744,HR,Male
2745,PR,Female
2746,IT,Male
2747,Sales,Male
2748,HR,Female
2749,PR,Female
2750,IT,Male
2751,Sales,Female
2752,HR,Female
2753,PR,Male
2754,IT,Male
2755,Sales,Male
2756,HR,Female
2757,PR,Male
2758,IT,Male
2759,Sales,Male
2760,HR,Female
2761,PR,Female
2762,IT,Female
2763,Sales,Male
2764,HR,Female
2765,PR,Male
2766,IT,Male
2767,Sales,Female
2768,HR,Male
2769,PR,Male
2770,IT,Male
2771,Sales,Male
2772,HR,Female
2773,PR,Male
2774,IT,Female
2775,Sales,Female
2776,HR,Female
2777,PR,Male
2778,IT,Female
2779,Sales,Male
2780,HR,Female
2781,PR,Male
2782,IT,Female
2783,Sales,Female
2784,HR,Female
2785,PR,Male
2786,IT,Male
2787,Sales,Male
2788,HR,Female
2789,PR,Female
2790,IT,Female
2791,Sales,Female
2792,HR,Male
2793,PR,Female
2794,IT,Female
2795,Sales,Female
2796,HR,Female
2797,PR,Female
2798,IT,Male
2799,Sales,Male
2800,HR,Female
2801,PR,Female
2802,IT,Male
2803,Sales,Female
2804,HR,Female
2805,PR,Male
2806,IT,Male
2807,Sales,Male
2808,HR,Female
2809,PR,Male
2810,IT,Male
2811,Sales,Female
2812,HR,Female
2813,PR,Female
2814,IT,Male
2815,Sales,Male
2816,HR,Female
2817,PR,Male
2818,IT,Female
2819,Sales,Male
2820,HR,Female
2821,PR,Male
2822,IT,Female
2823,Sales,Male
2824,HR,Male
2825,PR,Female
2826,IT,Female
2827,Sales,Male
2828,HR,Male
2829,PR,Female
2830,IT,Male
2831,Sales,Male
2832,HR,Female
2833,PR,Male
2834,IT,Male
2835,Sales,Female
2836,HR,Male
2837,PR,Female
2838,IT,Female
2839,Sales,Male
2840,HR,Female
2841,PR,Female
2842,IT,Male
2843,Sales,Male
2844,HR,Female
2845,PR,Female
2846,IT,Male
2847,Sales,Female
2848,HR,Female
2849,PR,Male
2850,IT,Male
2851,Sales,Female
2852,HR,Female
2853,PR,Female
2854,IT,Female
2855,Sales,Female
2856,HR,Female
2857,PR,Male
2858,IT,Female
2859,Sales,Male
2860,HR,Female
2861,PR,Female
2862,IT,Male
2863,Sales,Male
2864,HR,Female
2865,PR,Female
2866,IT,Female
2867,Sales,Female
2868,HR,Male
2869,PR,Female
2870,IT,Male
2871,Sales,Male
2872,HR,Male
2873,PR,Male
2874,IT,Male
2875,Sales,Male
2876,HR,Female
2877,PR,Female
2878,IT,Male
2879,Sales,Male
2880,HR,Female
2881,PR,Female
2882,IT,Male
2883,Sales,Female
2884,HR,Male
2885,PR,Male
2886,IT,Female
2887,Sales,Male
2888,HR,Female
2889,PR,Male
2890,IT,Male
2891,Sales,Male
2892,HR,Female
2893,PR,Male
2894,IT,Male
2895,Sales,Male
2896,HR,Male
2897,PR,Female
2898,IT,Male
2899,Sales,Female
2900,HR,Male
2901,PR,Male
2902,IT,Male
2903,Sales,Male
2904,HR,Male
2905,PR,Female
2906,IT,Male
2907,Sales,Male
2908,HR,Female
2909,PR,Male
2910,IT,Female
2911,Sales,Male
2912,HR,Male
2913,PR,Female
2914,IT,Male
2915,Sales,Female
2916,HR,Male
2917,PR,Male
2918,IT,Male
2919,Sales,Female
2920,HR,Female
2921,PR,Female
2922,IT,Female
2923,Sales,Female
2924,HR,Female
2925,PR,Female
2926,IT,Male
2927,Sales,Female
2928,HR,Female
2929,PR,Male
2930,IT,Male
2931,Sales,Male
2932,HR,Female
2933,PR,Female
2934,IT,Male
2935,Sales,Male
2936,HR,Male
2937,PR,Male
2938,IT,Male
2939,Sales,Male
2940,HR,Female
2941,PR,Male
2942,IT,Male
2943,Sales,Female
2944,HR,Female
2945,PR,Female
2946,IT,Female
2947,Sales,Male
2948,HR,Male
2949,PR,Male
2950,IT,Male
2951,Sales,Female
2952,HR,Male
2953,PR,Male
2954,IT,Male
2955,Sales,Male
2956,HR,Female
2957,PR,Female
2958,IT,Female
2959,Sales,Female
2960,HR,Female
2961,PR,Female
2962,IT,Male
2963,Sales,Male
2964,HR,Male
2965,PR,Female
2966,IT,Male
2967,Sales,Male
2968,HR,Female
2969,PR,Female
2970,IT,Male
2971,Sales,Male
2972,HR,Female
2973,PR,Female
2974,IT,Male
2975,Sales,Female
2976,HR,Male
2977,PR,Female
2978,IT,Male
2979,Sales,Female
2980,HR,Male
2981,PR,Female
2982,IT,Male
2983,Sales,Male
2984,HR,Male
2985,PR,Female
2986,IT,Male
2987,Sales,Female
2988,HR,Female
2989,PR,Female
2990,IT,Female
2991,Sales,Female
2992,HR,Female
2993,PR,Male
2994,IT,Male
2995,Sales,Male
2996,HR,Female
2997,PR,Female
2998,IT,Male
2999,Sales,Female
3000,HR,Female
3001,PR,Male
3002,IT,Male
3003,Sales,Male
3004,HR,Female
3005,PR,Female
3006,IT,Male
3007,Sales,Female
3008,HR,Female
3009,PR,Male
3010,IT,Female
3011,Sales,Female
3012,HR,Female
3013,PR,Male
3014,IT,Male
3015,Sales,Male
3016,HR,Female
3017,PR,Female
3018,IT,Male
3019,Sales,Male
3020,HR,Female
3021,PR,Male
3022,IT,Female
3023,Sales,Male
3024,HR,Female
3025,PR,Female
3026,IT,Female
3027,Sales,Female
3028,HR,Female
3029,PR,Male
3030,IT,Male
3031,Sales,Female
3032,HR,Female
3033,PR,Female
3034,IT,Female
3035,Sales,Male
3036,HR,Male
3037,PR,Female
3038,IT,Male
3039,Sales,Male
3040,HR,Female
3041,PR,Male
3042,IT,Male
3043,Sales,Female
3044,HR,Female
3045,PR,Female
3046,IT,Male
3047,Sales,Female
3048,HR,Male
3049,PR,Female
3050,IT,Male
3051,Sales,Male
3052,HR,Female
3053,PR,Female
3054,IT,Male
3055,Sales,Female
3056,HR,Male
3057,PR,Female
3058,IT,Male
3059,Sales,Female
3060,HR,Female
3061,PR,Female
3062,IT,Male
3063,Sales,Female
3064,HR,Male
3065,PR,Male
3066,IT,Female
3067,Sales,Male
3068,HR,Female
3069,PR,Male
3070,IT,Male
3071,Sales,Male
3072,HR,Male
3073,PR,Male
3074,IT,Male
3075,Sales,Male
3076,HR,Male
3077,PR,Female
3078,IT,Male
3079,Sales,Male
3080,HR,Female
3081,PR,Male
3082,IT,Male
3083,Sales,Male
3084,HR,Male
3085,PR,Male
3086,IT,Male
3087,Sales,Male
3088,HR,Female
3089,PR,Male
3090,IT,Female
3091,Sales,Male
3092,HR,Male
3093,PR,Male
3094,IT,Female
3095,Sales,Male
3096,HR,Male
3097,PR,Female
3098,IT,Male
3099,Sales,Male
3100,HR,Male
3101,PR,Female
3102,IT,Male
3103,Sales,Male
3104,HR,Female
3105,PR,Female
3106,IT,Male
3107,Sales,Female
3108,HR,Female
3109,PR,Female
3110,IT,Male
3111,Sales,Male
3112,HR,Female
3113,PR,Female
3114,IT,Male
3115,Sales,Male
3116,HR,Female
3117,PR,Female
3118,IT,Male
3119,Sales,Male
3120,HR,Male
3121,PR,Female
3122,IT,Female
3123,Sales,Female
3124,HR,Female
3125,PR,Female
3126,IT,Male
3127,Sales,Male
3128,HR,Female
3129,PR,Female
3130,IT,Female
3131,Sales,Female
3132,HR,Female
3133,PR,Female
3134,IT,Male
3135,Sales,Female
3136,HR,Male
3137,PR,Female
3138,IT,Female
3139,Sales,Male
3140,HR,Male
3141,PR,Male
3142,IT,Female
3143,Sales,Male
3144,HR,Female
3145,PR,Female
3146,IT,Male
3147,Sales,Male
3148,HR,Female
3149,PR,Male
3150,IT,Female
3151,Sales,Male
3152,HR,Female
3153,PR,Male
3154,IT,Male
3155,Sales,Male
3156,HR,Female
3157,PR,Female
3158,IT,Female
3159,Sales,Male
3160,HR,Male
3161,PR,Male
3162,IT,Male
3163,Sales,Male
3164,HR,Female
3165,PR,Female
3166,IT,Male
3167,Sales,Male
3168,HR,Female
3169,PR,Male
3170,IT,Male
3171,Sales,Female
3172,HR,Female
3173,PR,Male
3174,IT,Male
3175,Sales,Female
3176,HR,Female
3177,PR,Male
3178,IT,Male
3179,Sales,Female
3180,HR,Male
3181,PR,Female
3182,IT,Male
3183,Sales,Female
3184,HR,Female
3185,PR,Female
3186,IT,Male
3187,Sales,Female
3188,HR,Male
3189,PR,Female
3190,IT,Male
3191,Sales,Female
3192,HR,Male
3193,PR,Male
3194,IT,Male
3195,Sales,Female
3196,HR,Female
3197,PR,Female
3198,IT,Male
3199,Sales,Male
3200,HR,Male
3201,PR,Male
3202,IT,Male
3203,Sales,Female
3204,HR,Female
3205,PR,Female
3206,IT,Male
3207,Sales,Male
3208,HR,Female
3209,PR,Male
3210,IT,Male
3211,Sales,Male
3212,HR,Female
3213,PR,Female
3214,IT,Male
3215,Sales,Female
3216,HR,Male
3217,PR,Male
3218,IT,Male
3219,Sales,Male
3220,HR,Female
3221,PR,Female
3222,IT,Male
3223,Sales,Male
3224,HR,Male
3225,PR,Female
3226,IT,Female
3227,Sales,Male
3228,HR,Female
3229,PR,Male
3230,IT,Male
3231,Sales,Male
3232,HR,Female
3233,PR,Female
3234,IT,Female
3235,Sales,Female
3236,HR,Male
3237,PR,Male
3238,IT,Male
3239,Sales,Female
3240,HR,Female
3241,PR,Male
3242,IT,Male
3243,Sales,Female
3244,HR,Male
3245,PR,Male
3246,IT,Male
3247,Sales,Male
3248,HR,Female
3249,PR,Male
3250,IT,Male
3251,Sales,Male
3252,HR,Female
3253,PR,Male
3254,IT,Female
3255,Sales,Male
3256,HR,Female
3257,PR,Female
3258,IT,Male
3259,Sales,Male
3260,HR,Female
3261,PR,Male
3262,IT,Female
3263,Sales,Male
3264,HR,Male
3265,PR,Male
3266,IT,Male
3267,Sales,Male
3268,HR,Male
3269,PR,Male
3270,IT,Male
3271,Sales,Female
3272,HR,Female
3273,PR,Female
3274,IT,Female
3275,Sales,Male
3276,HR,Male
3277,PR,Female
3278,IT,Male
3279,Sales,Female
3280,HR,Female
3281,PR,Female
3282,IT,Male
3283,Sales,Female
3284,HR,Male
3285,PR,Female
3286,IT,Male
3287,Sales,Female
3288,HR,Male
3289,PR,Female
3290,IT,Male
3291,Sales,Male
3292,HR,Male
3293,PR,Female
3294,IT,Male
3295,Sales,Male
3296,HR,Male
3297,PR,Female
3298,IT,Male
3299,Sales,Female
3300,HR,Male
3301,PR,Female
3302,IT,Female
3303,Sales,Male
3304,HR,Female
3305,PR,Male
3306,IT,Male
3307,Sales,Female
3308,HR,Female
3309,PR,Male
3310,IT,Male
3311,Sales,Male
3312,HR,Female
3313,PR,Female
3314,IT,Female
3315,Sales,Female
3316,HR,Male
3317,PR,Female
3318,IT,Male
3319,Sales,Male
3320,HR,Male
3321,PR,Female
3322,IT,Male
3323,Sales,Male
3324,HR,Female
3325,PR,Male
3326,IT,Male
3327,Sales,Female
3328,HR,Female
3329,PR,Female
3330,IT,Female
3331,Sales,Female
3332,HR,Male
3333,PR,Female
3334,IT,Male
3335,Sales,Male
3336,HR,Female
3337,PR,Male
3338,IT,Male
3339,Sales,Female
3340,HR,Female
3341,PR,Female
3342,IT,Female
3343,Sales,Male
3344,HR,Female
3345,PR,Female
3346,IT,Male
3347,Sales,Male
3348,HR,Female
3349,PR,Male
3350,IT,Male
3351,Sales,Male
3352,HR,Male
3353,PR,Female
3354,IT,Female
3355,Sales,Male
3356,HR,Male
3357,PR,Female
3358,IT,Female
3359,Sales,Male
3360,HR,Female
3361,PR,Male
3362,IT,Male
3363,Sales,Female
3364,HR,Female
3365,PR,Male
3366,IT,Female
3367,Sales,Male
3368,HR,Female
3369,PR,Female
3370,IT,Female
3371,Sales,Male
3372,HR,Female
3373,PR,Male
3374,IT,Female
3375,Sales,Male
3376,HR,Female
3377,PR,Female
3378,IT,Male
3379,Sales,Male
3380,HR,Female
3381,PR,Male
3382,IT,Male
3383,Sales,Female
3384,HR,Female
3385,PR,Male
3386,IT,Male
3387,Sales,Male
3388,HR,Female
3389,PR,Male
3390,IT,Female
3391,Sales,Male
3392,HR,Female
3393,PR,Female
3394,IT,Female
3395,Sales,Female
3396,HR,Female
3397,PR,Female
3398,IT,Male
3399,Sales,Female
3400,HR,Female
3401,PR,Female
3402,IT,Female
3403,Sales,Male
3404,HR,Female
3405,PR,Male
3406,IT,Male
3407,Sales,Female
3408,HR,Female
3409,PR,Male
3410,IT,Male
3411,Sales,Male
3412,HR,Female
3413,PR,Female
3414,IT,Male
3415,Sales,Male
3416,HR,Female
3417,PR,Female
3418,IT,Female
3419,Sales,Male
3420,HR,Female
3421,PR,Female
3422,IT,Female
3423,Sales,Female
3424,HR,Female
3425,PR,Female
3426,IT,Male
3427,Sales,Female
3428,HR,Male
3429,PR,Female
3430,IT,Male
3431,Sales,Female
3432,HR,Male
3433,PR,Male
3434,IT,Female
3435,Sales,Male
3436,HR,Female
3437,PR,Female
3438,IT,Male
3439,Sales,Female
3440,HR,Male
3441,PR,Female
3442,IT,Male
3443,Sales,Male
3444,HR,Female
3445,PR,Female
3446,IT,Male
3447,Sales,Male
3448,HR,Female
3449,PR,Male
3450,IT,Female
3451,Sales,Male
3452,HR,Female
3453,PR,Male
3454,IT,Female
3455,Sales,Male
3456,HR,Female
3457,PR,Male
3458,IT,Male
3459,Sales,Female
3460,HR,Female
3461,PR,Female
3462,IT,Female
3463,Sales,Male
3464,HR,Male
3465,PR,Male
3466,IT,Female
3467,Sales,Male
3468,HR,Female
3469,PR,Female
3470,IT,Female
3471,Sales,Female
3472,HR,Female
3473,PR,Male
3474,IT,Male
3475,Sales,Male
3476,HR,Female
3477,PR,Female
3478,IT,Male
3479,Sales,Male
3480,HR,Female
3481,PR,Female
3482,IT,Male
3483,Sales,Female
3484,HR,Female
3485,PR,Female
3486,IT,Male
3487,Sales,Male
3488,HR,Female
3489,PR,Male
3490,IT,Male
3491,Sales,Male
3492,HR,Female
3493,PR,Male
3494,IT,Female
3495,Sales,Male
3496,HR,Male
3497,PR,Male
3498,IT,Female
3499,Sales,Male
3500,HR,Female
3501,PR,Male
3502,IT,Female
3503,Sales,Female
3504,HR,Female
3505,PR,Female
3506,IT,Female
3507,Sales,Male
3508,HR,Male
3509,PR,Female
3510,IT,Male
3511,Sales,Male
3512,HR,Female
3513,PR,Female
3514,IT,Male
3515,Sales,Female
3516,HR,Female
3517,PR,Female
3518,IT,Female
3519,Sales,Female
3520,HR,Female
3521,PR,Female
3522,IT,Male
3523,Sales,Male
3524,HR,Female
3525,PR,Male
3526,IT,Male
3527,Sales,Male
3528,HR,Female
3529,PR,Female
3530,IT,Male
3531,Sales,Male
3532,HR,Female
3533,PR,Female
3534,IT,Male
3535,Sales,Male
3536,HR,Female
3537,PR,Male
3538,IT,Female
3539,Sales,Male
3540,HR,Male
3541,PR,Male
3542,IT,Male
3543,Sales,Male
3544,HR,Female
3545,PR,Female
3546,IT,Female
3547,Sales,Female
3548,HR,Female
3549,PR,Male
3550,IT,Female
3551,Sales,Male
3552,HR,Female
3553,PR,Male
3554,IT,Male
3555,Sales,Male
3556,HR,Male
3557,PR,Male
3558,IT,Female
3559,Sales,Male
3560,HR,Male
3561,PR,Male
3562,IT,Male
3563,Sales,Male
3564,HR,Female
3565,PR,Male
3566,IT,Male
3567,Sales,Female
3568,HR,Female
3569,PR,Female
3570,IT,Female
3571,Sales,Male
3572,HR,Male
3573,PR,Female
3574,IT,Male
3575,Sales,Male
3576,HR,Female
3577,PR,Female
3578,IT,Male
3579,Sales,Female
3580,HR,Female
3581,PR,Female
3582,IT,Male
3583,Sales,Male
3584,HR,Female
3585,PR,Male
3586,IT,Male
3587,Sales,Male
3588,HR,Female
3589,PR,Male
3590,IT,Male
3591,Sales,Male
3592,HR,Female
3593,PR,Female
3594,IT,Male
3595,Sales,Male
3596,HR,Female
3597,PR,Male
3598,IT,Male
3599,Sales,Male
3600,HR,Male
3601,PR,Female
3602,IT,Female
3603,Sales,Male
3604,HR,Female
3605,PR,Female
3606,IT,Male
3607,Sales,Male
3608,HR,Female
3609,PR,Male
3610,IT,Male
3611,Sales,Male
3612,HR,Female
3613,PR,Female
3614,IT,Male
3615,Sales,Male
3616,HR,Female
3617,PR,Male
3618,IT,Male
3619,Sales,Male
3620,HR,Male
3621,PR,Female
3622,IT,Male
3623,Sales,Male
3624,HR,Female
3625,PR,Female
3626,IT,Female
3627,Sales,Male
3628,HR,Female
3629,PR,Male
3630,IT,Female
3631,Sales,Female
3632,HR,Female
3633,PR,Male
3634,IT,Male
3635,Sales,Female
3636,HR,Male
3637,PR,Female
3638,IT,Male
3639,Sales,Female
3640,HR,Male
3641,PR,Male
3642,IT,Male
3643,Sales,Male
3644,HR,Female
3645,PR,Female
3646,IT,Male
3647,Sales,Male
3648,HR,Female
3649,PR,Male
3650,IT,Male
3651,Sales,Male
3652,HR,Male
3653,PR,Male
3654,IT,Male
3655,Sales,Male
3656,HR,Female
3657,PR,Female
3658,IT,Male
3659,Sales,Male
3660,HR,Male
3661,PR,Male
3662,IT,Male
3663,Sales,Male
3664,HR,Female
3665,PR,Male
3666,IT,Male
3667,Sales,Male
3668,HR,Male
3669,PR,Male
3670,IT,Male
3671,Sales,Female
3672,HR,Female
3673,PR,Female
3674,IT,Female
3675,Sales,Male
3676,HR,Female
3677,PR,Female
3678,IT,Male
3679,Sales,Female
3680,HR,Female
3681,PR,Female
3682,IT,Male
3683,Sales,Male
3684,HR,Female
3685,PR,Female
3686,IT,Male
3687,Sales,Female
3688,HR,Male
3689,PR,Female
3690,IT,Male
3691,Sales,Male
3692,HR,Female
3693,PR,Female
3694,IT,Male
3695,Sales,Female
3696,HR,Female
3697,PR,Female
3698,IT,Female
3699,Sales,Male
3700,HR,Female
3701,PR,Female
3702,IT,Female
3703,Sales,Female
3704,HR,Female
3705,PR,Female
3706,IT,Male
3707,Sales,Female
3708,HR,Male
3709,PR,Female
3710,IT,Male
3711,Sales,Male
3712,HR,Male
3713,PR,Female
3714,IT,Male
3715,Sales,Male
3716,HR,Male
3717,PR,Female
3718,IT,Male
3719,Sales,Male
3720,HR,Female
3721,PR,Female
3722,IT,Male
3723,Sales,Male
3724,HR,Female
3725,PR,Female
3726,IT,Male
3727,Sales,Male
3728,HR,Male
3729,PR,Female
3730,IT,Male
3731,Sales,Male
3732,HR,Female
3733,PR,Male
3734,IT,Female
3735,Sales,Male
3736,HR,Male
3737,PR,Female
3738,IT,Male
3739,Sales,Male
3740,HR,Female
3741,PR,Female
3742,IT,Male
3743,Sales,Male
3744,HR,Male
3745,PR,Female
3746,IT,Female
3747,Sales,Male
3748,HR,Female
3749,PR,Male
3750,IT,Male
3751,Sales,Male
3752,HR,Male
3753,PR,Male
3754,IT,Female
3755,Sales,Male
3756,HR,Female
3757,PR,Female
3758,IT,Female
3759,Sales,Male
3760,HR,Female
3761,PR,Female
3762,IT,Female
3763,Sales,Female
3764,HR,Female
3765,PR,Female
3766,IT,Male
3767,Sales,Female
3768,HR,Female
3769,PR,Female
3770,IT,Male
3771,Sales,Male
3772,HR,Male
3773,PR,Female
3774,IT,Male
3775,Sales,Female
3776,HR,Male
3777,PR,Female
3778,IT,Male
3779,Sales,Female
3780,HR,Female
3781,PR,Male
3782,IT,Male
3783,Sales,Male
3784,HR,Female
3785,PR,Female
3786,IT,Male
3787,Sales,Female
3788,HR,Female
3789,PR,Male
3790,IT,Male
3791,Sales,Male
3792,HR,Female
3793,PR,Male
3794,IT,Male
3795,Sales,Male
3796,HR,Female
3797,PR,Female
3798,IT,Male
3799,Sales,Male
3800,HR,Female
3801,PR,Female
3802,IT,Female
3803,Sales,Male
3804,HR,Female
3805,PR,Male
3806,IT,Male
3807,Sales,Male
3808,HR,Male
3809,PR,Female
3810,IT,Male
3811,Sales,Male
3812,HR,Female
3813,PR,Female
3814,IT,Female
3815,Sales,Male
3816,HR,Female
3817,PR,Female
3818,IT,Male
3819,Sales,Male
3820,HR,Male
3821,PR,Male
3822,IT,Male
3823,Sales,Male
3824,HR,Female
3825,PR,Female
3826,IT,Female
3827,Sales,Female
3828,HR,Female
3829,PR,Female
3830,IT,Male
3831,Sales,Female
3832,HR,Female
3833,PR,Female
3834,IT,Male
3835,Sales,Male
3836,HR,Female
3837,PR,Female
3838,IT,Male
3839,Sales,Female
3840,HR,Female
3841,PR,Female
3842,IT,Male
3843,Sales,Female
3844,HR,Female
3845,PR,Female
3846,IT,Female
3847,Sales,Female
3848,HR,Male
3849,PR,Female
3850,IT,Male
3851,Sales,Female
3852,HR,Male
3853,PR,Male
3854,IT,Male
3855,Sales,Male
3856,HR,Female
3857,PR,Female
3858,IT,Female
3859,Sales,Male
3860,HR,Male
3861,PR,Male
3862,IT,Female
3863,Sales,Male
3864,HR,Female
3865,PR,Male
3866,IT,Female
3867,Sales,Female
3868,HR,Female
3869,PR,Female
3870,IT,Female
3871,Sales,Male
3872,HR,Female
3873,PR,Female
3874,IT,Male
3875,Sales,Male
3876,HR,Female
3877,PR,Male
3878,IT,Male
3879,Sales,Male
3880,HR,Female
3881,PR,Female
3882,IT,Male
3883,Sales,Male
3884,HR,Female
3885,PR,Female
3886,IT,Male
3887,Sales,Male
3888,HR,Female
3889,PR,Male
3890,IT,Male
3891,Sales,Male
3892,HR,Female
3893,PR,Female
3894,IT,Male
3895,Sales,Male
3896,HR,Female
3897,PR,Male
3898,IT,Male
3899,Sales,Male
3900,HR,Male
3901,PR,Female
3902,IT,Male
3903,Sales,Female
3904,HR,Female
3905,PR,Female
3906,IT,Male
3907,Sales,Female
3908,HR,Female
3909,PR,Male
3910,IT,Male
3911,Sales,Male
3912,HR,Female
3913,PR,Female
3914,IT,Male
3915,Sales,Female
3916,HR,Female
3917,PR,Female
3918,IT,Male
3919,Sales,Male
3920,HR,Female
3921,PR,Female
3922,IT,Female
3923,Sales,Male
3924,HR,Female
3925,PR,Male
3926,IT,Male
3927,Sales,Male
3928,HR,Female
3929,PR,Male
3930,IT,Male
3931,Sales,Male
3932,HR,Male
3933,PR,Female
3934,IT,Male
3935,Sales,Male
3936,HR,Female
3937,PR,Female
3938,IT,Female
3939,Sales,Female
3940,HR,Female
3941,PR,Female
3942,IT,Female
3943,Sales,Male
3944,HR,Female
3945,PR,Female
3946,IT,Female
3947,Sales,Male
3948,HR,Female
3949,PR,Female
3950,IT,Male
3951,Sales,Female
3952,HR,Female
3953,PR,Male
3954,IT,Female
3955,Sales,Female
3956,HR,Female
3957,PR,Female
3958,IT,Male
3959,Sales,Female
3960,HR,Female
3961,PR,Female
3962,IT,Female
3963,Sales,Female
3964,HR,Male
3965,PR,Female
3966,IT,Male
3967,Sales,Female
3968,HR,Female
3969,PR,Male
3970,IT,Male
3971,Sales,Female
3972,HR,Female
3973,PR,Male
3974,IT,Male
3975,Sales,Female
3976,HR,Male
3977,PR,Female
3978,IT,Male
3979,Sales,Male
3980,HR,Female
3981,PR,Male
3982,IT,Male
3983,Sales,Male
3984,HR,Female
3985,PR,Female
3986,IT,Male
3987,Sales,Female
3988,HR,Female
3989,PR,Female
3990,IT,Female
3991,Sales,Male
3992,HR,Female
3993,PR,Female
3994,IT,Female
3995,Sales,Female
3996,HR,Female
3997,PR,Female
3998,IT,Female
3999,Sales,Male
4000,HR,Female
