id name,email anonymized,Are you interested in being a Team Representative?,f14bacd9c5e337e88617ecf7588b09c1,2a5f502a9b0f5d8ca090edfe9516c0f1,bf5dcab36ea2cab81be891aeb42f10d5,6d01182543b886b3aaf0e40d02bf0a5e,a871d0026901a4186f2902c6d7ca23d9,95dda093b40621d1a1629fe6efa4a15f,1699ea9ea14f94400638064d390eb50d,c4a681ce3d9a804283bb66945c3be328,ce9a07724daed8a4f2bb0243a197f7c0,84cd248f5289c24095a7f29f23720ef0,1f4eb6bcc3951341284ad42f989acaec,d96c3199963b71fc71564236b25bd1f8,99db73a17b41b521be87c691bc1697f1,080fc5b6bd95656ba2165a1bc1802088,Mondays,Tuesdays,Wednesdays,Thursdays,Fridays,anonymized group preference,anonymized project assignment,Team #
31fe58d03ac3a3105b57d6ce5923e878,7f88d41092e341a0f8089ad06e781236,,,,,,,,,,,,,,,,,,,,,[''],1699ea9ea14f94400638064d390eb50d,5
61d07ea632dbca5e50f60f7344c48253,1ea5eb93aa1eb3275cd4862916ab3dde,Yes,7th,2nd,5th,8th,10th,9th,4th,14th,6th,11th,12th,13th,3rd,1st,"Morning Availability (9:00-11:00am), Midday Availability (11:00am-1:00pm)","Midday Availability (11:00am-1:00pm), Early Afternoon Availability (1:00-3:00pm), Late Afternoon Availability (3:00-5:00pm)",I am not available at any point during the day (9:00am-5:00pm),"Morning Availability (9:00-11:00am), Midday Availability (11:00am-1:00pm), Early Afternoon Availability (1:00-3:00pm), Late Afternoon Availability (3:00-5:00pm)","Morning Availability (9:00-11:00am), Midday Availability (11:00am-1:00pm)",[''],080fc5b6bd95656ba2165a1bc1802088,1
cb26e1c1d361ff032d52881db6acba6a,d2b43f41e70b0568a78c7a4994775fc5,Maybe,1st,11th,8th,4th,12th,5th,3rd,10th,7th,2nd,9th,13th,14th,6th,"Midday Availability (11:00am-1:00pm), Early Afternoon Availability (1:00-3:00pm)",I am not available at any point during the day (9:00am-5:00pm),Early Afternoon Availability (1:00-3:00pm),Early Afternoon Availability (1:00-3:00pm),Late Afternoon Availability (3:00-5:00pm),['f765e16450122a86ca63c8065614f711'],84cd248f5289c24095a7f29f23720ef0,3
3bd94e2f3eb068213b871913ee503dae,7e6a9e7b563e23b71af8ba57b37f1618,Maybe,14th,1st,3rd,1st,14th,3rd,3rd,4th,14th,14th,1st,4th,1st,3rd,"Midday Availability (11:00am-1:00pm), Early Afternoon Availability (1:00-3:00pm)","Midday Availability (11:00am-1:00pm), Early Afternoon Availability (1:00-3:00pm), Late Afternoon Availability (3:00-5:00pm)","Midday Availability (11:00am-1:00pm), Early Afternoon Availability (1:00-3:00pm)","Midday Availability (11:00am-1:00pm), Early Afternoon Availability (1:00-3:00pm), Late Afternoon Availability (3:00-5:00pm)","Midday Availability (11:00am-1:00pm), Early Afternoon Availability (1:00-3:00pm), Late Afternoon Availability (3:00-5:00pm)",[''],c4a681ce3d9a804283bb66945c3be328,2
fe13d6b40216c7c26c8c5ef5e4369695,79afbc9f72173caf050de2b3f9831f8c,Yes,12th,5th,13th,4th,6th,9th,10th,8th,11th,7th,2nd,14th,3rd,1st,I am not available at any point during the day (9:00am-5:00pm),Morning Availability (9:00-11:00am),I am not available at any point during the day (9:00am-5:00pm),I am not available at any point during the day (9:00am-5:00pm),"Early Afternoon Availability (1:00-3:00pm), Late Afternoon Availability (3:00-5:00pm)","['38ddd745771197764a23c1abd4ef61b2', '11765054dd7edd15c57b6e6ab5d277e2']",080fc5b6bd95656ba2165a1bc1802088,3
d08b418225c311b4ea40c871f8ba9fbb,a786cd37c5e41c79d270eec724459088,No,11th,14th,2nd,3rd,1st,9th,14th,14th,13th,11th,14th,5th,5th,8th,I am not available at any point during the day (9:00am-5:00pm),"Midday Availability (11:00am-1:00pm), Early Afternoon Availability (1:00-3:00pm)",I am not available at any point during the day (9:00am-5:00pm),"Morning Availability (9:00-11:00am), Early Afternoon Availability (1:00-3:00pm), Late Afternoon Availability (3:00-5:00pm)","Morning Availability (9:00-11:00am), Midday Availability (11:00am-1:00pm), Early Afternoon Availability (1:00-3:00pm), Late Afternoon Availability (3:00-5:00pm)",[''],6d01182543b886b3aaf0e40d02bf0a5e,2
00f8977db5e78880727c4ba377a7e5b4,7270b675e99abb80732bb1f459230eae,Yes,1st,12th,7th,11th,6th,13th,5th,3rd,9th,8th,2nd,10th,4th,14th,Late Afternoon Availability (3:00-5:00pm),I am not available at any point during the day (9:00am-5:00pm),Late Afternoon Availability (3:00-5:00pm),I am not available at any point during the day (9:00am-5:00pm),"Midday Availability (11:00am-1:00pm), Early Afternoon Availability (1:00-3:00pm), Late Afternoon Availability (3:00-5:00pm)",['49ed43805e8c77dec154241be48808cb'],1f4eb6bcc3951341284ad42f989acaec,3
e1dbb90d537d4426ecb927e640a47d11,a52735f75d9c47ec276ec4067840759c,Maybe,3rd,4th,11th,5th,7th,1st,8th,9th,12th,13th,6th,14th,2nd,10th,"Early Afternoon Availability (1:00-3:00pm), Late Afternoon Availability (3:00-5:00pm)",Early Afternoon Availability (1:00-3:00pm),"Early Afternoon Availability (1:00-3:00pm), Late Afternoon Availability (3:00-5:00pm)",Early Afternoon Availability (1:00-3:00pm),"Midday Availability (11:00am-1:00pm), Early Afternoon Availability (1:00-3:00pm)",['e12608e4aca1cb5f0ba774fdca801653'],95dda093b40621d1a1629fe6efa4a15f,3
11765054dd7edd15c57b6e6ab5d277e2,757aeec24d8c68797e9e06b01c2546f8,Yes,7th,5th,8th,4th,11th,14th,10th,3rd,6th,1st,13th,9th,12th,2nd,Midday Availability (11:00am-1:00pm),"Midday Availability (11:00am-1:00pm), Early Afternoon Availability (1:00-3:00pm)",I am not available at any point during the day (9:00am-5:00pm),"Morning Availability (9:00-11:00am), Midday Availability (11:00am-1:00pm), Early Afternoon Availability (1:00-3:00pm)","Morning Availability (9:00-11:00am), Midday Availability (11:00am-1:00pm), Early Afternoon Availability (1:00-3:00pm), Late Afternoon Availability (3:00-5:00pm)",[''],080fc5b6bd95656ba2165a1bc1802088,3
1e6719f142685a93fce4e1efd58fc95d,cc009c3f4dd5f7bf940867fe44b9519c,,,,,,,,,,,,,,,,,,,,,[''],1699ea9ea14f94400638064d390eb50d,5
c509839db8e58f5a03835130bdbe2a40,9a1abfd38cf351f90babec477d9845b8,No,14th,1st,3rd,9th,4th,11th,12th,13th,8th,7th,6th,5th,2nd,10th,"Morning Availability (9:00-11:00am), Midday Availability (11:00am-1:00pm), Early Afternoon Availability (1:00-3:00pm)",Late Afternoon Availability (3:00-5:00pm),Early Afternoon Availability (1:00-3:00pm),Late Afternoon Availability (3:00-5:00pm),"Midday Availability (11:00am-1:00pm), Early Afternoon Availability (1:00-3:00pm), Late Afternoon Availability (3:00-5:00pm)",['d76a13b0b2c64913ff50d15e8714437f'],99db73a17b41b521be87c691bc1697f1,1
3186ac571ad0644ef472059ceb93882e,7d190fbdc275c690b84318d8870be9f8,No,14th,3rd,7th,5th,6th,9th,10th,13th,6th,11th,12th,1st,4th,2nd,Morning Availability (9:00-11:00am),"Midday Availability (11:00am-1:00pm), Early Afternoon Availability (1:00-3:00pm), Late Afternoon Availability (3:00-5:00pm)",Morning Availability (9:00-11:00am),"Morning Availability (9:00-11:00am), Midday Availability (11:00am-1:00pm)","Midday Availability (11:00am-1:00pm), Early Afternoon Availability (1:00-3:00pm)",['a3a1d48696f9a64e2d5b889829e4b771'],d96c3199963b71fc71564236b25bd1f8,1
b011a4a0073fa0ffe904eb9cfc3f2d45,bb8a9cbf3c5649d691e1212decfea469,Yes,8th,6th,14th,12th,7th,9th,3rd,10th,1st,11th,13th,2nd,4th,5th,"Midday Availability (11:00am-1:00pm), Early Afternoon Availability (1:00-3:00pm)",Morning Availability (9:00-11:00am),"Midday Availability (11:00am-1:00pm), Early Afternoon Availability (1:00-3:00pm)",Morning Availability (9:00-11:00am),"Morning Availability (9:00-11:00am), Midday Availability (11:00am-1:00pm), Early Afternoon Availability (1:00-3:00pm), Late Afternoon Availability (3:00-5:00pm)",[''],ce9a07724daed8a4f2bb0243a197f7c0,2
805b765cde9133d634abc902f5aa3004,28b6324850eae59b48a76307ceee194c,No,13th,14th,5th,12th,2nd,1st,11th,10th,4th,9th,8th,6th,7th,3rd,Early Afternoon Availability (1:00-3:00pm),"Midday Availability (11:00am-1:00pm), Late Afternoon Availability (3:00-5:00pm)",Early Afternoon Availability (1:00-3:00pm),"Midday Availability (11:00am-1:00pm), Late Afternoon Availability (3:00-5:00pm)",I am not available at any point during the day (9:00am-5:00pm),['2cd62cb5cd52edf3a48a1f3def8239b0'],ce9a07724daed8a4f2bb0243a197f7c0,1
a6d76dff4f56a50d9b9b7fb0a333b6af,43408715174722992cee5199367bc43e,No,4th,10th,14th,5th,12th,3rd,1st,9th,2nd,13th,11th,7th,6th,8th,"Midday Availability (11:00am-1:00pm), Early Afternoon Availability (1:00-3:00pm)",I am not available at any point during the day (9:00am-5:00pm),"Midday Availability (11:00am-1:00pm), Early Afternoon Availability (1:00-3:00pm)",Midday Availability (11:00am-1:00pm),I am not available at any point during the day (9:00am-5:00pm),[''],ce9a07724daed8a4f2bb0243a197f7c0,2
a3a1d48696f9a64e2d5b889829e4b771,db4c16ee3ea8e3d881f90cb3f4ece846,Maybe,5th,1st,7th,5th,5th,7th,7th,5th,7th,7th,7th,1st,7th,1st,Morning Availability (9:00-11:00am),Early Afternoon Availability (1:00-3:00pm),Morning Availability (9:00-11:00am),Morning Availability (9:00-11:00am),"Midday Availability (11:00am-1:00pm), Early Afternoon Availability (1:00-3:00pm)",[''],d96c3199963b71fc71564236b25bd1f8,1
f765e16450122a86ca63c8065614f711,ad8a609db45b382f19ccaf2d45f514cf,No,3rd,1st,11th,5th,2nd,12th,7th,6th,9th,10th,13th,14th,4th,8th,"Midday Availability (11:00am-1:00pm), Early Afternoon Availability (1:00-3:00pm)","Midday Availability (11:00am-1:00pm), Late Afternoon Availability (3:00-5:00pm)","Midday Availability (11:00am-1:00pm), Early Afternoon Availability (1:00-3:00pm)",I am not available at any point during the day (9:00am-5:00pm),Late Afternoon Availability (3:00-5:00pm),['cb26e1c1d361ff032d52881db6acba6a'],2a5f502a9b0f5d8ca090edfe9516c0f1,2
d428533148fe780124e3447967b0fa99,c815b7d9b15ecdc743550d872c07eb21,No,4th,5th,6th,2nd,1st,8th,9th,10th,14th,11th,12th,13th,3rd,7th,"Midday Availability (11:00am-1:00pm), Early Afternoon Availability (1:00-3:00pm)","Midday Availability (11:00am-1:00pm), Early Afternoon Availability (1:00-3:00pm)","Midday Availability (11:00am-1:00pm), Early Afternoon Availability (1:00-3:00pm)","Midday Availability (11:00am-1:00pm), Early Afternoon Availability (1:00-3:00pm)","Midday Availability (11:00am-1:00pm), Early Afternoon Availability (1:00-3:00pm)","['eb2200e5c5841bf818dec4c5784d225d', '560dfb96a234d2d70186b4d4c1e79052', '0bc1bd2935bb58e581035d2a5ac62de3']",6d01182543b886b3aaf0e40d02bf0a5e,1
001fdbf639634d9590df84b91f74f9dd,73ee484bb5151159847e32597737af01,Maybe,11th,9th,8th,10th,13th,12th,7th,6th,14th,4th,5th,1st,2nd,3rd,"Morning Availability (9:00-11:00am), Midday Availability (11:00am-1:00pm)","Morning Availability (9:00-11:00am), Midday Availability (11:00am-1:00pm)",I am not available at any point during the day (9:00am-5:00pm),"Morning Availability (9:00-11:00am), Midday Availability (11:00am-1:00pm), Early Afternoon Availability (1:00-3:00pm)","Morning Availability (9:00-11:00am), Midday Availability (11:00am-1:00pm)",[''],84cd248f5289c24095a7f29f23720ef0,2
b20120c9684d334ac99f2f1c161ff8ac,37bcd2b0a24614f86305dce038eb1d6e,Maybe,3rd,9th,8th,1st,2nd,12th,10th,5th,13th,14th,4th,7th,6th,11th,Morning Availability (9:00-11:00am),"Midday Availability (11:00am-1:00pm), Early Afternoon Availability (1:00-3:00pm), Late Afternoon Availability (3:00-5:00pm)",I am not available at any point during the day (9:00am-5:00pm),"Morning Availability (9:00-11:00am), Midday Availability (11:00am-1:00pm), Early Afternoon Availability (1:00-3:00pm), Late Afternoon Availability (3:00-5:00pm)","Midday Availability (11:00am-1:00pm), Early Afternoon Availability (1:00-3:00pm), Late Afternoon Availability (3:00-5:00pm)",['087ec29bc3215bfd0d93b7c29ae05b07'],f14bacd9c5e337e88617ecf7588b09c1,1
cc22b577c24e00a497702077ce0626e6,40d79f7044fb271e97c63f443514c0ad,Maybe,13th,2nd,14th,4th,1st,10th,9th,11th,12th,8th,7th,6th,5th,3rd,Early Afternoon Availability (1:00-3:00pm),"Morning Availability (9:00-11:00am), Midday Availability (11:00am-1:00pm), Early Afternoon Availability (1:00-3:00pm), Late Afternoon Availability (3:00-5:00pm)",Early Afternoon Availability (1:00-3:00pm),"Morning Availability (9:00-11:00am), Midday Availability (11:00am-1:00pm), Early Afternoon Availability (1:00-3:00pm), Late Afternoon Availability (3:00-5:00pm)","Morning Availability (9:00-11:00am), Midday Availability (11:00am-1:00pm), Early Afternoon Availability (1:00-3:00pm), Late Afternoon Availability (3:00-5:00pm)",['a8af7e8e384bb9a0e899774b790e7903'],080fc5b6bd95656ba2165a1bc1802088,3
a985fe699bce123ef0dd10f883d09e60,fe9437e429fb59b030543c0cc97bca02,Maybe,13th,1st,14th,10th,6th,11th,9th,4th,12th,7th,8th,3rd,5th,2nd,Midday Availability (11:00am-1:00pm),I am not available at any point during the day (9:00am-5:00pm),"Midday Availability (11:00am-1:00pm), Early Afternoon Availability (1:00-3:00pm)",I am not available at any point during the day (9:00am-5:00pm),"Midday Availability (11:00am-1:00pm), Early Afternoon Availability (1:00-3:00pm), Late Afternoon Availability (3:00-5:00pm)",[''],c4a681ce3d9a804283bb66945c3be328,4
f0303bfb0b701f7ac94b3aff937fffe2,162cdc3a5158c7cf0a101eaead8521ae,Maybe,14th,5th,6th,2nd,1st,12th,10th,9th,11th,13th,8th,3rd,4th,7th,"Midday Availability (11:00am-1:00pm), Early Afternoon Availability (1:00-3:00pm)","Midday Availability (11:00am-1:00pm), Early Afternoon Availability (1:00-3:00pm)","Morning Availability (9:00-11:00am), Midday Availability (11:00am-1:00pm), Early Afternoon Availability (1:00-3:00pm)","Midday Availability (11:00am-1:00pm), Early Afternoon Availability (1:00-3:00pm)",I am not available at any point during the day (9:00am-5:00pm),['8bb111b8bf69244be360e0c6f549e1a4'],a871d0026901a4186f2902c6d7ca23d9,1
f5ee0c2fa9468ccc5368f5eb51a8b401,0678b9e3d11ee0931b15b1af9a12cb9a,Maybe,8th,9th,2nd,10th,12th,11th,1st,4th,7th,13th,14th,5th,6th,3rd,Late Afternoon Availability (3:00-5:00pm),"Morning Availability (9:00-11:00am), Midday Availability (11:00am-1:00pm)",Late Afternoon Availability (3:00-5:00pm),"Morning Availability (9:00-11:00am), Midday Availability (11:00am-1:00pm), Late Afternoon Availability (3:00-5:00pm)",Early Afternoon Availability (1:00-3:00pm),[''],1699ea9ea14f94400638064d390eb50d,4
b0b44f27a4e9667d33c6d70dfdc05dc1,04ba8b02c612b24b705c5b969abd11b0,No,1st,2nd,11th,6th,3rd,8th,4th,13th,7th,14th,12th,10th,5th,9th,"Morning Availability (9:00-11:00am), Midday Availability (11:00am-1:00pm)","Morning Availability (9:00-11:00am), Midday Availability (11:00am-1:00pm)",Midday Availability (11:00am-1:00pm),"Morning Availability (9:00-11:00am), Midday Availability (11:00am-1:00pm), Early Afternoon Availability (1:00-3:00pm), Late Afternoon Availability (3:00-5:00pm)","Morning Availability (9:00-11:00am), Midday Availability (11:00am-1:00pm), Early Afternoon Availability (1:00-3:00pm)",['8241d3d34d27449b8ac5cb2eee9ca78f'],2a5f502a9b0f5d8ca090edfe9516c0f1,1
0d06fc95310aa560ca7e966962f99fdf,450452254b91fe88993064f0528dfcde,Maybe,9th,6th,7th,10th,1st,5th,14th,13th,8th,11th,4th,12th,3rd,2nd,"Morning Availability (9:00-11:00am), Midday Availability (11:00am-1:00pm), Early Afternoon Availability (1:00-3:00pm)",Early Afternoon Availability (1:00-3:00pm),Morning Availability (9:00-11:00am),"Midday Availability (11:00am-1:00pm), Early Afternoon Availability (1:00-3:00pm)","Early Afternoon Availability (1:00-3:00pm), Late Afternoon Availability (3:00-5:00pm)",['252aed5ae9cddda765069bec5425c7bb'],080fc5b6bd95656ba2165a1bc1802088,4
66102239b3f31ba9c8f16c51d3c8d841,1bdf318771dc7b8da7ea27c4820a61a9,No,9th,11th,2nd,3rd,1st,10th,8th,5th,13th,12th,14th,6th,4th,7th,I am not available at any point during the day (9:00am-5:00pm),Early Afternoon Availability (1:00-3:00pm),I am not available at any point during the day (9:00am-5:00pm),Early Afternoon Availability (1:00-3:00pm),Early Afternoon Availability (1:00-3:00pm),[''],a871d0026901a4186f2902c6d7ca23d9,2
2cd62cb5cd52edf3a48a1f3def8239b0,66ebf137439ef24a28d59092e61f0fe7,Yes,8th,9th,10th,6th,2nd,1st,5th,11th,4th,12th,13th,14th,7th,3rd,"Morning Availability (9:00-11:00am), Early Afternoon Availability (1:00-3:00pm)","Morning Availability (9:00-11:00am), Late Afternoon Availability (3:00-5:00pm)",Late Afternoon Availability (3:00-5:00pm),"Morning Availability (9:00-11:00am), Early Afternoon Availability (1:00-3:00pm), Late Afternoon Availability (3:00-5:00pm)","Morning Availability (9:00-11:00am), Midday Availability (11:00am-1:00pm)",['805b765cde9133d634abc902f5aa3004'],ce9a07724daed8a4f2bb0243a197f7c0,1
b8df1d271f7479f1dca521ff449d8dc3,5b5a3ea1242224b191caecc7752b489e,Maybe,11th,9th,12th,8th,4th,7th,2nd,14th,3rd,13th,6th,1st,10th,5th,"Morning Availability (9:00-11:00am), Midday Availability (11:00am-1:00pm), Early Afternoon Availability (1:00-3:00pm)",I am not available at any point during the day (9:00am-5:00pm),"Morning Availability (9:00-11:00am), Early Afternoon Availability (1:00-3:00pm)",Late Afternoon Availability (3:00-5:00pm),"Midday Availability (11:00am-1:00pm), Early Afternoon Availability (1:00-3:00pm), Late Afternoon Availability (3:00-5:00pm)",[''],ce9a07724daed8a4f2bb0243a197f7c0,4
03073ba984464a463a88130ef525d597,04126d21734d20af9cb9390a367b1725,No,7th,2nd,3rd,4th,14th,9th,10th,11th,8th,12th,13th,1st,6th,5th,Late Afternoon Availability (3:00-5:00pm),Late Afternoon Availability (3:00-5:00pm),Late Afternoon Availability (3:00-5:00pm),Late Afternoon Availability (3:00-5:00pm),Late Afternoon Availability (3:00-5:00pm),['0b05ad4eab9478056fb089f0cca202e8'],d96c3199963b71fc71564236b25bd1f8,2
a3d6f9dbb99f2cd7a0459f062dbc2def,09bbba7c5afc2cfa74ddc34ca631fc8c,Maybe,9th,8th,6th,2nd,1st,10th,13th,12th,14th,11th,7th,4th,3rd,5th,"Midday Availability (11:00am-1:00pm), Early Afternoon Availability (1:00-3:00pm)",Midday Availability (11:00am-1:00pm),"Midday Availability (11:00am-1:00pm), Early Afternoon Availability (1:00-3:00pm)",Midday Availability (11:00am-1:00pm),"Early Afternoon Availability (1:00-3:00pm), Late Afternoon Availability (3:00-5:00pm)",[''],6d01182543b886b3aaf0e40d02bf0a5e,1
f368a2aa5422e58f5862c2ded6d725e9,89d17c06e1a37f8f4966e7579841e931,Yes,7th,8th,9th,5th,3rd,4th,14th,11th,10th,13th,12th,1st,6th,2nd,Morning Availability (9:00-11:00am),I am not available at any point during the day (9:00am-5:00pm),Morning Availability (9:00-11:00am),"Morning Availability (9:00-11:00am), Midday Availability (11:00am-1:00pm)",Morning Availability (9:00-11:00am),[''],95dda093b40621d1a1629fe6efa4a15f,1
d76a13b0b2c64913ff50d15e8714437f,0f8dffbc86fe2e8395a2f6d4266ed58c,No,5th,1st,6th,7th,11th,14th,9th,10th,4th,12th,13th,3rd,2nd,8th,"Morning Availability (9:00-11:00am), Midday Availability (11:00am-1:00pm), Early Afternoon Availability (1:00-3:00pm)",Late Afternoon Availability (3:00-5:00pm),"Early Afternoon Availability (1:00-3:00pm), Late Afternoon Availability (3:00-5:00pm)",Late Afternoon Availability (3:00-5:00pm),"Midday Availability (11:00am-1:00pm), Early Afternoon Availability (1:00-3:00pm), Late Afternoon Availability (3:00-5:00pm)",[''],99db73a17b41b521be87c691bc1697f1,1
26b5ae0b8952f87659fa221ad2a72cc1,541add7205169e4991ce735e17850b81,,,,,,,,,,,,,,,,,,,,,[''],ce9a07724daed8a4f2bb0243a197f7c0,4
30bc3d1ae804a46be1ef2b39c7addcf1,ac68c7121eb219b458ac2d3e03c31a5c,Yes,4th,5th,10th,12th,1st,2nd,14th,9th,11th,8th,6th,7th,3rd,13th,"Early Afternoon Availability (1:00-3:00pm), Late Afternoon Availability (3:00-5:00pm)",I am not available at any point during the day (9:00am-5:00pm),"Early Afternoon Availability (1:00-3:00pm), Late Afternoon Availability (3:00-5:00pm)",Midday Availability (11:00am-1:00pm),Early Afternoon Availability (1:00-3:00pm),[''],95dda093b40621d1a1629fe6efa4a15f,3
0bc1bd2935bb58e581035d2a5ac62de3,2048322234294e9c70c31f44da63c813,No,5th,6th,7th,2nd,1st,9th,10th,11th,4th,12th,13th,14th,3rd,8th,"Midday Availability (11:00am-1:00pm), Early Afternoon Availability (1:00-3:00pm)","Midday Availability (11:00am-1:00pm), Early Afternoon Availability (1:00-3:00pm)","Midday Availability (11:00am-1:00pm), Early Afternoon Availability (1:00-3:00pm)","Midday Availability (11:00am-1:00pm), Early Afternoon Availability (1:00-3:00pm)","Midday Availability (11:00am-1:00pm), Early Afternoon Availability (1:00-3:00pm)",['d428533148fe780124e3447967b0fa99'],a871d0026901a4186f2902c6d7ca23d9,1
0679d34cc946bc2b63880086e8807ba3,ddb96bfff4d112aa02d65364958dd2d7,No,13th,12th,3rd,4th,9th,6th,7th,8th,14th,10th,11th,2nd,1st,5th,I am not available at any point during the day (9:00am-5:00pm),Midday Availability (11:00am-1:00pm),I am not available at any point during the day (9:00am-5:00pm),Midday Availability (11:00am-1:00pm),"Midday Availability (11:00am-1:00pm), Early Afternoon Availability (1:00-3:00pm)",['66ace6a18ef8a8c29d5446eec8e0ac0b'],d96c3199963b71fc71564236b25bd1f8,2
de60a697201be4ceb6ef73aa5b17301f,148b51bb4284b1a7e182b0e2b4d142e6,Maybe,10th,3rd,4th,12th,13th,9th,7th,11th,6th,1st,14th,5th,8th,2nd,"Morning Availability (9:00-11:00am), Midday Availability (11:00am-1:00pm), Early Afternoon Availability (1:00-3:00pm)",Midday Availability (11:00am-1:00pm),"Midday Availability (11:00am-1:00pm), Early Afternoon Availability (1:00-3:00pm)","Midday Availability (11:00am-1:00pm), Late Afternoon Availability (3:00-5:00pm)","Morning Availability (9:00-11:00am), Midday Availability (11:00am-1:00pm), Late Afternoon Availability (3:00-5:00pm)",[''],84cd248f5289c24095a7f29f23720ef0,3
40d35b2c12e4bad8bd85bec1bae0d24a,f3ad53476b8d27a6f8e0b74db97d338a,No,6th,14th,1st,2nd,3rd,12th,5th,11th,7th,8th,9th,10th,4th,13th,Morning Availability (9:00-11:00am),"Midday Availability (11:00am-1:00pm), Early Afternoon Availability (1:00-3:00pm)",Morning Availability (9:00-11:00am),"Midday Availability (11:00am-1:00pm), Early Afternoon Availability (1:00-3:00pm)",Late Afternoon Availability (3:00-5:00pm),['7d45685b88d00a9eb5074c91bb1d51a0'],bf5dcab36ea2cab81be891aeb42f10d5,1
324abb57c651bcb7e1b90e8aad4ae1b8,c26735cc99d996913f3a96cde169e812,Yes,1st,9th,2nd,14th,11th,7th,5th,4th,3rd,8th,13th,12th,6th,10th,Early Afternoon Availability (1:00-3:00pm),Early Afternoon Availability (1:00-3:00pm),Early Afternoon Availability (1:00-3:00pm),Early Afternoon Availability (1:00-3:00pm),"Early Afternoon Availability (1:00-3:00pm), Late Afternoon Availability (3:00-5:00pm)",[''],ce9a07724daed8a4f2bb0243a197f7c0,3
f54f6cdff9f9244f397ee55153e4576d,b647f938c8e5aa75bc029a0e7b7cd764,Yes,14th,13th,12th,1st,10th,11th,3rd,5th,7th,9th,8th,7th,6th,4th,Morning Availability (9:00-11:00am),Morning Availability (9:00-11:00am),Morning Availability (9:00-11:00am),Morning Availability (9:00-11:00am),I am not available at any point during the day (9:00am-5:00pm),[''],1699ea9ea14f94400638064d390eb50d,4
1e5263543a62193fc0d53fe3f49d61b1,9746d3502b59c743ec20788ed822d9c8,Maybe,12th,13th,6th,10th,5th,8th,7th,3rd,4th,2nd,11th,1st,14th,9th,Midday Availability (11:00am-1:00pm),"Morning Availability (9:00-11:00am), Late Afternoon Availability (3:00-5:00pm)",Midday Availability (11:00am-1:00pm),Late Afternoon Availability (3:00-5:00pm),Midday Availability (11:00am-1:00pm),['21ef002d2c0bb2e6adebbfb5f14c1783'],c4a681ce3d9a804283bb66945c3be328,3
4ea4e4e80b54eadbd3d84de986148726,83fa6201020f6c80cc6e5dc01495bfcb,Yes,6th,1st,4th,5th,14th,3rd,8th,9th,7th,10th,11th,12th,13th,2nd,"Morning Availability (9:00-11:00am), Midday Availability (11:00am-1:00pm), Early Afternoon Availability (1:00-3:00pm)",I am not available at any point during the day (9:00am-5:00pm),"Morning Availability (9:00-11:00am), Midday Availability (11:00am-1:00pm), Early Afternoon Availability (1:00-3:00pm)",Morning Availability (9:00-11:00am),"Midday Availability (11:00am-1:00pm), Early Afternoon Availability (1:00-3:00pm), Late Afternoon Availability (3:00-5:00pm)",[''],95dda093b40621d1a1629fe6efa4a15f,3
3673bf49c8788df7573299ccc0f7fd17,53cffacb6b668fe1a26d6c0a9f57531e,No,7th,8th,9th,10th,5th,12th,13th,14th,6th,4th,3rd,2nd,1st,11th,I am not available at any point during the day (9:00am-5:00pm),Early Afternoon Availability (1:00-3:00pm),Early Afternoon Availability (1:00-3:00pm),Early Afternoon Availability (1:00-3:00pm),I am not available at any point during the day (9:00am-5:00pm),['1c4a33e977488e862a91d21b9f786b6e'],1f4eb6bcc3951341284ad42f989acaec,2
eef5887f6cf3563a6fe339f5e1309ee0,0b2ea3e38b32bdc143fa6d9725b0fe83,No,4th,1st,13th,6th,10th,8th,2nd,3rd,14th,11th,5th,9th,12th,7th,Morning Availability (9:00-11:00am),Early Afternoon Availability (1:00-3:00pm),Early Afternoon Availability (1:00-3:00pm),Early Afternoon Availability (1:00-3:00pm),Morning Availability (9:00-11:00am),['53f3e278400ae269df29b9e5182fbda7'],c4a681ce3d9a804283bb66945c3be328,1
4d4dc1ca9092b6a1fbaa0973d4899ba4,70ac845d2428000a9c5297f5a8ddc666,Maybe,7th,8th,9th,10th,1st,5th,11th,12th,6th,13th,14th,2nd,4th,3rd,Midday Availability (11:00am-1:00pm),Early Afternoon Availability (1:00-3:00pm),Midday Availability (11:00am-1:00pm),Morning Availability (9:00-11:00am),Morning Availability (9:00-11:00am),['c59bf4b7560ca447038f20bd55552881'],080fc5b6bd95656ba2165a1bc1802088,5
4ceb8eda2ac46725c9e14926a5fb5a51,9e9de08d29975cb6cee9dc9c2b16e996,,,,,,,,,,,,,,,,,,,,,[''],ce9a07724daed8a4f2bb0243a197f7c0,4
c202d039d347951a79ca35fc721fdb53,cf1061f9570962c47ef1d30376484e41,No,9th,8th,10th,3rd,1st,12th,4th,6th,7th,13th,11th,14th,5th,2nd,"Midday Availability (11:00am-1:00pm), Early Afternoon Availability (1:00-3:00pm)",Midday Availability (11:00am-1:00pm),I am not available at any point during the day (9:00am-5:00pm),"Midday Availability (11:00am-1:00pm), Early Afternoon Availability (1:00-3:00pm)","Midday Availability (11:00am-1:00pm), Early Afternoon Availability (1:00-3:00pm)",['6c53f2a39213a4ab9e1bc6c2a8208e18'],080fc5b6bd95656ba2165a1bc1802088,2
1c4a33e977488e862a91d21b9f786b6e,8346931cc6cf612290747e5a2e3ffbc1,No,7th,8th,9th,10th,5th,12th,13th,14th,6th,4th,3rd,2nd,1st,11th,I am not available at any point during the day (9:00am-5:00pm),Early Afternoon Availability (1:00-3:00pm),Early Afternoon Availability (1:00-3:00pm),Early Afternoon Availability (1:00-3:00pm),I am not available at any point during the day (9:00am-5:00pm),['6b877ecf819657312c92237cbe910cde'],1f4eb6bcc3951341284ad42f989acaec,2
ceaef9f79073bb2f9253b6912aaf0e0b,cbb80ee90937338357d1f3e7eea8247a,No,7th,14th,10th,3rd,1st,9th,5th,12th,11th,8th,6th,4th,2nd,13th,Morning Availability (9:00-11:00am),I am not available at any point during the day (9:00am-5:00pm),Morning Availability (9:00-11:00am),Midday Availability (11:00am-1:00pm),I am not available at any point during the day (9:00am-5:00pm),['b977aa5a4ec7130703cab5ce1d9285b3'],1699ea9ea14f94400638064d390eb50d,2
08fd7d5db9f3276a1b5533df0e96fd10,a7b8a53ff9c26ec335adb9ab0bc95a91,Yes,13th,1st,3rd,14th,10th,14th,14th,11th,14th,14th,14th,14th,2nd,14th,Morning Availability (9:00-11:00am),Morning Availability (9:00-11:00am),Morning Availability (9:00-11:00am),I am not available at any point during the day (9:00am-5:00pm),"Midday Availability (11:00am-1:00pm), Early Afternoon Availability (1:00-3:00pm), Late Afternoon Availability (3:00-5:00pm)",[''],2a5f502a9b0f5d8ca090edfe9516c0f1,2
a8af7e8e384bb9a0e899774b790e7903,e432e9ddd7a39f8a993d648fcd9e516b,Yes,12th,2nd,4th,5th,1st,6th,8th,7th,13th,14th,9th,10th,11th,3rd,I am not available at any point during the day (9:00am-5:00pm),"Morning Availability (9:00-11:00am), Midday Availability (11:00am-1:00pm)",I am not available at any point during the day (9:00am-5:00pm),"Morning Availability (9:00-11:00am), Midday Availability (11:00am-1:00pm)",Midday Availability (11:00am-1:00pm),['8302bb46e84c1592d0c64be990445293'],080fc5b6bd95656ba2165a1bc1802088,1
829f6fb5d4c78b70183cc0fc61615a0f,bc3d6cc2713ff46804f0134b85c52c22,Yes,14th,2nd,8th,7th,5th,9th,6th,14th,4th,1st,14th,14th,3rd,14th,"Midday Availability (11:00am-1:00pm), Early Afternoon Availability (1:00-3:00pm)",I am not available at any point during the day (9:00am-5:00pm),I am not available at any point during the day (9:00am-5:00pm),Early Afternoon Availability (1:00-3:00pm),Late Afternoon Availability (3:00-5:00pm),['fed9d9d15774b5ae498ab1c540cc3f2e'],84cd248f5289c24095a7f29f23720ef0,1
dc9c0593f6692d9b3a21739e73c38b25,a0c1c0967ab7663c1323f1888556cc65,Maybe,12th,1st,4th,7th,6th,11th,10th,13th,9th,5th,8th,3rd,14th,2nd,Morning Availability (9:00-11:00am),"Morning Availability (9:00-11:00am), Midday Availability (11:00am-1:00pm), Late Afternoon Availability (3:00-5:00pm)",Morning Availability (9:00-11:00am),Early Afternoon Availability (1:00-3:00pm),Early Afternoon Availability (1:00-3:00pm),['a3a1d48696f9a64e2d5b889829e4b771'],d96c3199963b71fc71564236b25bd1f8,1
61d755f8e8fb714b5615544b2f9b31ec,553a7bad0037bb02eeb5fe85c61d94c0,Maybe,4th,9th,14th,8th,10th,7th,1st,11th,5th,3rd,6th,12th,2nd,13th,"Midday Availability (11:00am-1:00pm), Early Afternoon Availability (1:00-3:00pm), Late Afternoon Availability (3:00-5:00pm)",Early Afternoon Availability (1:00-3:00pm),"Midday Availability (11:00am-1:00pm), Early Afternoon Availability (1:00-3:00pm)",Early Afternoon Availability (1:00-3:00pm),"Morning Availability (9:00-11:00am), Early Afternoon Availability (1:00-3:00pm), Late Afternoon Availability (3:00-5:00pm)",['6d24c3b994f382513ea07ee75997e05a'],1699ea9ea14f94400638064d390eb50d,3
e015f35cb5a750c3c55d135429210718,471c1f3fc1dd7bb8cd0341b03e4be59e,Maybe,5th,2nd,3rd,7th,10th,9th,8th,4th,6th,11th,12th,13th,1st,14th,I am not available at any point during the day (9:00am-5:00pm),"Morning Availability (9:00-11:00am), Midday Availability (11:00am-1:00pm), Early Afternoon Availability (1:00-3:00pm), Late Afternoon Availability (3:00-5:00pm)","Early Afternoon Availability (1:00-3:00pm), Late Afternoon Availability (3:00-5:00pm)","Morning Availability (9:00-11:00am), Midday Availability (11:00am-1:00pm), Early Afternoon Availability (1:00-3:00pm), Late Afternoon Availability (3:00-5:00pm)",I am not available at any point during the day (9:00am-5:00pm),['08fd7d5db9f3276a1b5533df0e96fd10'],2a5f502a9b0f5d8ca090edfe9516c0f1,2
3750031fd84f67c52185c00b0b6b6861,51973f2a5c41001b613fd837170b6303,Maybe,3rd,9th,8th,1st,2nd,12th,10th,5th,13th,14th,4th,7th,6th,11th,"Morning Availability (9:00-11:00am), Midday Availability (11:00am-1:00pm)","Morning Availability (9:00-11:00am), Midday Availability (11:00am-1:00pm)",I am not available at any point during the day (9:00am-5:00pm),"Morning Availability (9:00-11:00am), Midday Availability (11:00am-1:00pm), Early Afternoon Availability (1:00-3:00pm), Late Afternoon Availability (3:00-5:00pm)","Morning Availability (9:00-11:00am), Midday Availability (11:00am-1:00pm), Early Afternoon Availability (1:00-3:00pm)","['2c391e3ee136867d20e3711ed966aff8', '47a1ed182b48651925a44933f2ed8c36']",1f4eb6bcc3951341284ad42f989acaec,1
0a2aebc7b4dd7db3907f840ef1b4bb9b,4c1d516a8ba99af2b733639cdf0c72cf,Yes,1st,3rd,14th,2nd,7th,6th,4th,5th,12th,9th,10th,11th,8th,13th,"Morning Availability (9:00-11:00am), Late Afternoon Availability (3:00-5:00pm)","Morning Availability (9:00-11:00am), Midday Availability (11:00am-1:00pm), Early Afternoon Availability (1:00-3:00pm), Late Afternoon Availability (3:00-5:00pm)","Morning Availability (9:00-11:00am), Midday Availability (11:00am-1:00pm), Early Afternoon Availability (1:00-3:00pm), Late Afternoon Availability (3:00-5:00pm)","Morning Availability (9:00-11:00am), Midday Availability (11:00am-1:00pm), Early Afternoon Availability (1:00-3:00pm), Late Afternoon Availability (3:00-5:00pm)","Morning Availability (9:00-11:00am), Late Afternoon Availability (3:00-5:00pm)",['fa4b1de377570fb63fe00c49ed9a31f8'],1699ea9ea14f94400638064d390eb50d,2
ef5cfb3056db68e154e24dec1ae58c1e,7abe28047758bcdb66ae2336b6d9ca2c,No,2nd,6th,7th,8th,10th,9th,1st,4th,5th,11th,12th,13th,14th,3rd,Morning Availability (9:00-11:00am),I am not available at any point during the day (9:00am-5:00pm),I am not available at any point during the day (9:00am-5:00pm),"Morning Availability (9:00-11:00am), Midday Availability (11:00am-1:00pm)",Morning Availability (9:00-11:00am),['ab511e87d9bf6c99bb2e4bed59048133'],c4a681ce3d9a804283bb66945c3be328,4
dcbbbd53586452a2fc0be8121732684a,b719053659c664312d9bd000f8467348,No,14th,5th,1st,6th,13th,2nd,3rd,8th,4th,10th,9th,11th,12th,7th,"Midday Availability (11:00am-1:00pm), Early Afternoon Availability (1:00-3:00pm)",Midday Availability (11:00am-1:00pm),"Midday Availability (11:00am-1:00pm), Early Afternoon Availability (1:00-3:00pm)",Midday Availability (11:00am-1:00pm),"Midday Availability (11:00am-1:00pm), Early Afternoon Availability (1:00-3:00pm), Late Afternoon Availability (3:00-5:00pm)",[''],ce9a07724daed8a4f2bb0243a197f7c0,2
41c9398f02cdf328a025a3ecedf8cc4a,ce839c0ed5043db3ee998c7208f8870e,Maybe,6th,8th,4th,5th,2nd,11th,12th,9th,7th,13th,14th,3rd,1st,10th,Morning Availability (9:00-11:00am),Morning Availability (9:00-11:00am),Morning Availability (9:00-11:00am),Morning Availability (9:00-11:00am),Midday Availability (11:00am-1:00pm),[''],99db73a17b41b521be87c691bc1697f1,1
d73e611f606d41ac2301974ca5f02ed3,c238e0ec3d49390dd95fae6a467d1e47,No,7th,5th,8th,13th,2nd,1st,4th,9th,6th,10th,12th,11th,14th,3rd,"Midday Availability (11:00am-1:00pm), Early Afternoon Availability (1:00-3:00pm)",Early Afternoon Availability (1:00-3:00pm),Midday Availability (11:00am-1:00pm),"Morning Availability (9:00-11:00am), Midday Availability (11:00am-1:00pm), Early Afternoon Availability (1:00-3:00pm)",I am not available at any point during the day (9:00am-5:00pm),['c71af3765810d9937b7675d88f959b09'],95dda093b40621d1a1629fe6efa4a15f,1
a311a88086e3eb989c1a574eca0100c3,6fddcb6f91c3a68155cf4e913540e345,No,13th,12th,6th,3rd,9th,7th,4th,10th,14th,8th,11th,2nd,5th,1st,Late Afternoon Availability (3:00-5:00pm),I am not available at any point during the day (9:00am-5:00pm),Late Afternoon Availability (3:00-5:00pm),"Midday Availability (11:00am-1:00pm), Early Afternoon Availability (1:00-3:00pm), Late Afternoon Availability (3:00-5:00pm)",I am not available at any point during the day (9:00am-5:00pm),[''],080fc5b6bd95656ba2165a1bc1802088,5
f7c08d89719fb4b186069a49f451c2a8,a27b814c6c6836b2d9493684ff9ac77e,Yes,14th,1st,6th,7th,9th,8th,5th,10th,4th,13th,2nd,12th,11th,3rd,Morning Availability (9:00-11:00am),Morning Availability (9:00-11:00am),Late Afternoon Availability (3:00-5:00pm),"Early Afternoon Availability (1:00-3:00pm), Late Afternoon Availability (3:00-5:00pm)","Morning Availability (9:00-11:00am), Midday Availability (11:00am-1:00pm), Late Afternoon Availability (3:00-5:00pm)",['112acae4548f56e1892ee1234f530225'],080fc5b6bd95656ba2165a1bc1802088,4
40e1fbd7f8eec630362eec0574c98075,13b5bfe96f3e2fe411c9f66f4a582adf,Yes,7th,8th,9th,10th,11th,1st,5th,3rd,6th,4th,12th,13th,14th,2nd,"Morning Availability (9:00-11:00am), Midday Availability (11:00am-1:00pm)",Midday Availability (11:00am-1:00pm),Midday Availability (11:00am-1:00pm),Midday Availability (11:00am-1:00pm),"Morning Availability (9:00-11:00am), Midday Availability (11:00am-1:00pm), Early Afternoon Availability (1:00-3:00pm), Late Afternoon Availability (3:00-5:00pm)",[''],c4a681ce3d9a804283bb66945c3be328,1
53f3e278400ae269df29b9e5182fbda7,9db762496c5b74f0d77b38589156e591,Maybe,4th,1st,11th,8th,14th,7th,2nd,3rd,9th,6th,5th,13th,12th,10th,"Morning Availability (9:00-11:00am), Early Afternoon Availability (1:00-3:00pm), Late Afternoon Availability (3:00-5:00pm)",Morning Availability (9:00-11:00am),"Morning Availability (9:00-11:00am), Midday Availability (11:00am-1:00pm)","Morning Availability (9:00-11:00am), Early Afternoon Availability (1:00-3:00pm), Late Afternoon Availability (3:00-5:00pm)","Morning Availability (9:00-11:00am), Midday Availability (11:00am-1:00pm), Early Afternoon Availability (1:00-3:00pm), Late Afternoon Availability (3:00-5:00pm)",['eef5887f6cf3563a6fe339f5e1309ee0'],c4a681ce3d9a804283bb66945c3be328,1
66ace6a18ef8a8c29d5446eec8e0ac0b,6581b781bf95842026827af4d104b4c2,Yes,13th,4th,5th,3rd,9th,14th,11th,10th,6th,8th,7th,2nd,1st,12th,Morning Availability (9:00-11:00am),"Morning Availability (9:00-11:00am), Late Afternoon Availability (3:00-5:00pm)",Midday Availability (11:00am-1:00pm),"Morning Availability (9:00-11:00am), Early Afternoon Availability (1:00-3:00pm), Late Afternoon Availability (3:00-5:00pm)",I am not available at any point during the day (9:00am-5:00pm),[''],d96c3199963b71fc71564236b25bd1f8,2
8241d3d34d27449b8ac5cb2eee9ca78f,0c52bd838dd69cd5f9dfa8a406477165,No,1st,2nd,11th,6th,3rd,8th,4th,13th,7th,14th,12th,10th,5th,9th,"Morning Availability (9:00-11:00am), Midday Availability (11:00am-1:00pm), Early Afternoon Availability (1:00-3:00pm)",I am not available at any point during the day (9:00am-5:00pm),"Midday Availability (11:00am-1:00pm), Early Afternoon Availability (1:00-3:00pm)",I am not available at any point during the day (9:00am-5:00pm),"Morning Availability (9:00-11:00am), Midday Availability (11:00am-1:00pm), Early Afternoon Availability (1:00-3:00pm)",['7ffbd4cb2d1294a668a5ad52d562cdf6'],2a5f502a9b0f5d8ca090edfe9516c0f1,1
b977aa5a4ec7130703cab5ce1d9285b3,58ee0226716acab6ffc89aceae3a56d3,Maybe,7th,9th,8th,4th,2nd,12th,1st,5th,10th,13th,14th,6th,3rd,11th,Early Afternoon Availability (1:00-3:00pm),Early Afternoon Availability (1:00-3:00pm),Morning Availability (9:00-11:00am),Morning Availability (9:00-11:00am),"Morning Availability (9:00-11:00am), Midday Availability (11:00am-1:00pm), Early Afternoon Availability (1:00-3:00pm), Late Afternoon Availability (3:00-5:00pm)",['566740608abeb6826987f4d4d256be1f'],1699ea9ea14f94400638064d390eb50d,2
d11a540038eb5cd35a0242a388b34706,789ff4fa35b1746355f7299d2dbc5848,No,14th,13th,3rd,10th,1st,11th,5th,8th,9th,6th,7th,12th,2nd,4th,"Midday Availability (11:00am-1:00pm), Early Afternoon Availability (1:00-3:00pm)",I am not available at any point during the day (9:00am-5:00pm),Midday Availability (11:00am-1:00pm),I am not available at any point during the day (9:00am-5:00pm),"Midday Availability (11:00am-1:00pm), Late Afternoon Availability (3:00-5:00pm)",[''],99db73a17b41b521be87c691bc1697f1,1
fa4b1de377570fb63fe00c49ed9a31f8,d0ee3c2fba707fc04199ec883858d244,No,1st,3rd,14th,2nd,7th,6th,4th,5th,13th,9th,11th,10th,8th,12th,Early Afternoon Availability (1:00-3:00pm),"Morning Availability (9:00-11:00am), Midday Availability (11:00am-1:00pm), Late Afternoon Availability (3:00-5:00pm)","Morning Availability (9:00-11:00am), Midday Availability (11:00am-1:00pm)","Morning Availability (9:00-11:00am), Early Afternoon Availability (1:00-3:00pm), Late Afternoon Availability (3:00-5:00pm)","Morning Availability (9:00-11:00am), Midday Availability (11:00am-1:00pm), Early Afternoon Availability (1:00-3:00pm)",['0a2aebc7b4dd7db3907f840ef1b4bb9b'],1699ea9ea14f94400638064d390eb50d,2
752ac3237d2620612d0217c2dd71003a,04d5a50302213ba6a2c3cb8c4f9608b5,Yes,2nd,12th,11th,10th,5th,1st,8th,14th,7th,9th,13th,6th,3rd,4th,"Morning Availability (9:00-11:00am), Midday Availability (11:00am-1:00pm)",Early Afternoon Availability (1:00-3:00pm),Morning Availability (9:00-11:00am),Early Afternoon Availability (1:00-3:00pm),"Morning Availability (9:00-11:00am), Early Afternoon Availability (1:00-3:00pm)",[''],95dda093b40621d1a1629fe6efa4a15f,4
099f36d4b436257e0abbc76b00ef73c1,dd3eaea3ee100b9fe431ed47d40e683d,No,3rd,9th,8th,1st,2nd,12th,10th,5th,13th,14th,4th,7th,6th,11th,Midday Availability (11:00am-1:00pm),Late Afternoon Availability (3:00-5:00pm),Early Afternoon Availability (1:00-3:00pm),Early Afternoon Availability (1:00-3:00pm),"Midday Availability (11:00am-1:00pm), Early Afternoon Availability (1:00-3:00pm), Late Afternoon Availability (3:00-5:00pm)",['b69803db28b729f78d7d0a3bc13e4d94'],a871d0026901a4186f2902c6d7ca23d9,2
b69803db28b729f78d7d0a3bc13e4d94,dee866cd77d49fd6ab69e4ebb5f30a5c,No,14th,3rd,14th,1st,2nd,14th,14th,14th,14th,14th,14th,14th,14th,14th,I am not available at any point during the day (9:00am-5:00pm),I am not available at any point during the day (9:00am-5:00pm),I am not available at any point during the day (9:00am-5:00pm),"Early Afternoon Availability (1:00-3:00pm), Late Afternoon Availability (3:00-5:00pm)","Early Afternoon Availability (1:00-3:00pm), Late Afternoon Availability (3:00-5:00pm)",['a1a239f47cb77b4d071a9b6c862e6564'],2a5f502a9b0f5d8ca090edfe9516c0f1,1
a1a239f47cb77b4d071a9b6c862e6564,c4aa75be12bed81a9f7357247eadb332,No,14th,3rd,14th,1st,2nd,14th,14th,14th,14th,14th,14th,14th,14th,14th,I am not available at any point during the day (9:00am-5:00pm),I am not available at any point during the day (9:00am-5:00pm),I am not available at any point during the day (9:00am-5:00pm),"Early Afternoon Availability (1:00-3:00pm), Late Afternoon Availability (3:00-5:00pm)","Early Afternoon Availability (1:00-3:00pm), Late Afternoon Availability (3:00-5:00pm)",['b69803db28b729f78d7d0a3bc13e4d94'],2a5f502a9b0f5d8ca090edfe9516c0f1,1
ab937e2f884f4eb7d9575aed43b88177,20c2c5123c9e2a9b4e2fc0d0f9ebe2ef,Maybe,2nd,7th,6th,8th,11th,5th,9th,10th,14th,12th,13th,1st,3rd,4th,"Midday Availability (11:00am-1:00pm), Early Afternoon Availability (1:00-3:00pm), Late Afternoon Availability (3:00-5:00pm)",Late Afternoon Availability (3:00-5:00pm),"Early Afternoon Availability (1:00-3:00pm), Late Afternoon Availability (3:00-5:00pm)",Late Afternoon Availability (3:00-5:00pm),"Midday Availability (11:00am-1:00pm), Early Afternoon Availability (1:00-3:00pm), Late Afternoon Availability (3:00-5:00pm)",['514ed3fb95c42146dcc4975caf538e2a'],95dda093b40621d1a1629fe6efa4a15f,1
112acae4548f56e1892ee1234f530225,30e2e36836d2af00cc29d30fb9b825e1,Maybe,3rd,2nd,8th,4th,4th,8th,8th,7th,6th,1st,6th,2nd,2nd,6th,Morning Availability (9:00-11:00am),"Morning Availability (9:00-11:00am), Late Afternoon Availability (3:00-5:00pm)",Morning Availability (9:00-11:00am),"Morning Availability (9:00-11:00am), Midday Availability (11:00am-1:00pm), Late Afternoon Availability (3:00-5:00pm)","Midday Availability (11:00am-1:00pm), Early Afternoon Availability (1:00-3:00pm)",[''],84cd248f5289c24095a7f29f23720ef0,2
54f14318da9b8b62860b15c7700eaac3,44d30f3a2575d0bdc90de779a1c3c367,No,5th,9th,7th,1st,2nd,13th,12th,11th,4th,10th,6th,3rd,8th,14th,"Midday Availability (11:00am-1:00pm), Early Afternoon Availability (1:00-3:00pm)",Late Afternoon Availability (3:00-5:00pm),"Midday Availability (11:00am-1:00pm), Early Afternoon Availability (1:00-3:00pm)",Late Afternoon Availability (3:00-5:00pm),"Midday Availability (11:00am-1:00pm), Early Afternoon Availability (1:00-3:00pm), Late Afternoon Availability (3:00-5:00pm)",[''],ce9a07724daed8a4f2bb0243a197f7c0,2
566740608abeb6826987f4d4d256be1f,f234206ffe29dda2b5867daba2214d51,Maybe,7th,9th,8th,4th,2nd,12th,1st,5th,10th,13th,14th,6th,3rd,11th,"Morning Availability (9:00-11:00am), Midday Availability (11:00am-1:00pm), Early Afternoon Availability (1:00-3:00pm)",I am not available at any point during the day (9:00am-5:00pm),Morning Availability (9:00-11:00am),Morning Availability (9:00-11:00am),"Morning Availability (9:00-11:00am), Midday Availability (11:00am-1:00pm), Early Afternoon Availability (1:00-3:00pm), Late Afternoon Availability (3:00-5:00pm)",['b977aa5a4ec7130703cab5ce1d9285b3'],1699ea9ea14f94400638064d390eb50d,5
5fcf959ca42d1bae1d9f3a6623289b1b,5be98b3dc6a52b08c40ee7d32edfdbbb,No,1st,7th,4th,3rd,8th,7th,2nd,3rd,3rd,8th,8th,3rd,2nd,8th,"Early Afternoon Availability (1:00-3:00pm), Late Afternoon Availability (3:00-5:00pm)","Early Afternoon Availability (1:00-3:00pm), Late Afternoon Availability (3:00-5:00pm)","Early Afternoon Availability (1:00-3:00pm), Late Afternoon Availability (3:00-5:00pm)","Early Afternoon Availability (1:00-3:00pm), Late Afternoon Availability (3:00-5:00pm)","Early Afternoon Availability (1:00-3:00pm), Late Afternoon Availability (3:00-5:00pm)",[''],c4a681ce3d9a804283bb66945c3be328,2
47a1ed182b48651925a44933f2ed8c36,f50d76ab8055758333fbc674d95010a5,Maybe,3rd,9th,8th,1st,2nd,12th,10th,5th,13th,14th,4th,7th,6th,11th,"Morning Availability (9:00-11:00am), Midday Availability (11:00am-1:00pm)","Morning Availability (9:00-11:00am), Midday Availability (11:00am-1:00pm), Early Afternoon Availability (1:00-3:00pm)",I am not available at any point during the day (9:00am-5:00pm),"Morning Availability (9:00-11:00am), Midday Availability (11:00am-1:00pm), Early Afternoon Availability (1:00-3:00pm), Late Afternoon Availability (3:00-5:00pm)","Morning Availability (9:00-11:00am), Midday Availability (11:00am-1:00pm), Late Afternoon Availability (3:00-5:00pm)",['2c391e3ee136867d20e3711ed966aff8'],1f4eb6bcc3951341284ad42f989acaec,1
2c391e3ee136867d20e3711ed966aff8,72c5033df6c5600f1303719e9a05d6ad,Maybe,3rd,9th,8th,1st,2nd,12th,10th,5th,12th,14th,4th,7th,6th,11th,"Morning Availability (9:00-11:00am), Midday Availability (11:00am-1:00pm), Early Afternoon Availability (1:00-3:00pm)","Morning Availability (9:00-11:00am), Midday Availability (11:00am-1:00pm)","Morning Availability (9:00-11:00am), Midday Availability (11:00am-1:00pm), Early Afternoon Availability (1:00-3:00pm)","Morning Availability (9:00-11:00am), Midday Availability (11:00am-1:00pm), Late Afternoon Availability (3:00-5:00pm)","Morning Availability (9:00-11:00am), Midday Availability (11:00am-1:00pm), Early Afternoon Availability (1:00-3:00pm), Late Afternoon Availability (3:00-5:00pm)",['47a1ed182b48651925a44933f2ed8c36'],1f4eb6bcc3951341284ad42f989acaec,1
6b877ecf819657312c92237cbe910cde,8a57b47b6890fa86bc046915f704ebca,No,7th,8th,9th,10th,5th,12th,13th,14th,6th,4th,3rd,2nd,1st,11th,I am not available at any point during the day (9:00am-5:00pm),Early Afternoon Availability (1:00-3:00pm),Early Afternoon Availability (1:00-3:00pm),Early Afternoon Availability (1:00-3:00pm),I am not available at any point during the day (9:00am-5:00pm),['1c4a33e977488e862a91d21b9f786b6e'],1f4eb6bcc3951341284ad42f989acaec,2
3fdc0b16967323881021cbb19e2aefc9,bc416690ea0f354f5724aff7b106c5fe,No,1st,6th,4th,3rd,10th,7th,8th,9th,5th,11th,12th,13th,14th,2nd,Early Afternoon Availability (1:00-3:00pm),I am not available at any point during the day (9:00am-5:00pm),I am not available at any point during the day (9:00am-5:00pm),I am not available at any point during the day (9:00am-5:00pm),Early Afternoon Availability (1:00-3:00pm),[''],6d01182543b886b3aaf0e40d02bf0a5e,2
38ddd745771197764a23c1abd4ef61b2,4117c4f8e47356f6f008f376b4f0b32c,Yes,9th,1st,7th,9th,6th,8th,9th,6th,3rd,4th,5th,9th,9th,2nd,"Morning Availability (9:00-11:00am), Midday Availability (11:00am-1:00pm)",I am not available at any point during the day (9:00am-5:00pm),"Morning Availability (9:00-11:00am), Midday Availability (11:00am-1:00pm)","Midday Availability (11:00am-1:00pm), Early Afternoon Availability (1:00-3:00pm), Late Afternoon Availability (3:00-5:00pm)","Morning Availability (9:00-11:00am), Midday Availability (11:00am-1:00pm), Early Afternoon Availability (1:00-3:00pm), Late Afternoon Availability (3:00-5:00pm)",[''],080fc5b6bd95656ba2165a1bc1802088,3
e8ff79a38ae19d5ad77aa6a8f3aa3a06,4c6c681edc95b745cf08fb8a24400359,Yes,4th,13th,12th,2nd,1st,5th,6th,7th,14th,8th,9th,10th,11th,3rd,I am not available at any point during the day (9:00am-5:00pm),Late Afternoon Availability (3:00-5:00pm),I am not available at any point during the day (9:00am-5:00pm),"Midday Availability (11:00am-1:00pm), Early Afternoon Availability (1:00-3:00pm)",Midday Availability (11:00am-1:00pm),[''],6d01182543b886b3aaf0e40d02bf0a5e,1
3cb04d7c9c08e756eca49993efe3f9ea,b4c28c751212badf00e08266b1e20162,No,11th,10th,12th,3rd,4th,9th,8th,6th,1st,14th,13th,5th,7th,2nd,"Morning Availability (9:00-11:00am), Midday Availability (11:00am-1:00pm), Early Afternoon Availability (1:00-3:00pm)",Early Afternoon Availability (1:00-3:00pm),I am not available at any point during the day (9:00am-5:00pm),Early Afternoon Availability (1:00-3:00pm),"Morning Availability (9:00-11:00am), Midday Availability (11:00am-1:00pm), Early Afternoon Availability (1:00-3:00pm)",[''],ce9a07724daed8a4f2bb0243a197f7c0,4
1a4a0e9956838c50baed7d41915371ec,ce06257b79994486650b85a668cedd4b,Maybe,1st,2nd,11th,6th,3rd,8th,4th,13th,7th,14th,12th,10th,5th,9th,"Morning Availability (9:00-11:00am), Midday Availability (11:00am-1:00pm), Early Afternoon Availability (1:00-3:00pm)",I am not available at any point during the day (9:00am-5:00pm),"Morning Availability (9:00-11:00am), Midday Availability (11:00am-1:00pm), Early Afternoon Availability (1:00-3:00pm)",I am not available at any point during the day (9:00am-5:00pm),"Midday Availability (11:00am-1:00pm), Early Afternoon Availability (1:00-3:00pm), Late Afternoon Availability (3:00-5:00pm)",['7ffbd4cb2d1294a668a5ad52d562cdf6'],f14bacd9c5e337e88617ecf7588b09c1,2
4263e2a8158bcdffb186e98adfd27f54,cd2983f54d935cd21aacaa531f2c04da,Maybe,4th,11th,13th,12th,7th,2nd,9th,8th,1st,3rd,6th,5th,10th,14th,Morning Availability (9:00-11:00am),"Morning Availability (9:00-11:00am), Late Afternoon Availability (3:00-5:00pm)",Morning Availability (9:00-11:00am),I am not available at any point during the day (9:00am-5:00pm),"Late Afternoon Availability (3:00-5:00pm), I am not available at any point during the day (9:00am-5:00pm)",[''],ce9a07724daed8a4f2bb0243a197f7c0,1
bd985fe6363ecfb69455cca82d96ace2,7dd0979b0690a68e1f1917bd2fc13aff,No,3rd,13th,12th,11th,1st,9th,8th,4th,14th,7th,2nd,6th,5th,10th,I am not available at any point during the day (9:00am-5:00pm),Late Afternoon Availability (3:00-5:00pm),I am not available at any point during the day (9:00am-5:00pm),Late Afternoon Availability (3:00-5:00pm),"Morning Availability (9:00-11:00am), Late Afternoon Availability (3:00-5:00pm)",['4af593a7d210425a677f7df8cad5485c'],1f4eb6bcc3951341284ad42f989acaec,3
8fd64a4a0ffc35e599efd40db70f0c14,0213eb038765c36413fe241c1bd3c2de,No,4th,1st,5th,14th,6th,10th,11th,12th,3rd,13th,9th,7th,8th,2nd,I am not available at any point during the day (9:00am-5:00pm),Midday Availability (11:00am-1:00pm),Early Afternoon Availability (1:00-3:00pm),Midday Availability (11:00am-1:00pm),Late Afternoon Availability (3:00-5:00pm),[''],ce9a07724daed8a4f2bb0243a197f7c0,3
0b34a6d6b37af69e4105886aebef5e99,41c172dfc59764e4ed7eaae6740623f3,No,14th,2nd,3rd,7th,5th,8th,9th,10th,12th,4th,13th,6th,11th,1st,"Early Afternoon Availability (1:00-3:00pm), Late Afternoon Availability (3:00-5:00pm)","Early Afternoon Availability (1:00-3:00pm), Late Afternoon Availability (3:00-5:00pm)","Early Afternoon Availability (1:00-3:00pm), Late Afternoon Availability (3:00-5:00pm)",Late Afternoon Availability (3:00-5:00pm),Late Afternoon Availability (3:00-5:00pm),[''],080fc5b6bd95656ba2165a1bc1802088,5
a07acde21eff25170987b80266dcd65d,fa3f8be989b18503ce0e4ac401667fb4,No,1st,6th,4th,5th,2nd,11th,12th,13th,10th,14th,9th,8th,3rd,7th,Morning Availability (9:00-11:00am),"Early Afternoon Availability (1:00-3:00pm), Late Afternoon Availability (3:00-5:00pm)",Morning Availability (9:00-11:00am),"Midday Availability (11:00am-1:00pm), Early Afternoon Availability (1:00-3:00pm), Late Afternoon Availability (3:00-5:00pm)","Midday Availability (11:00am-1:00pm), Early Afternoon Availability (1:00-3:00pm), Late Afternoon Availability (3:00-5:00pm)","['6399b78423e85d2814a87362aebdbeb4', '21309f70bb799cbd07d6ef900a990c36']",99db73a17b41b521be87c691bc1697f1,2
cb1bed2967e60f9aaf3d1b554bdfccf2,f97d1b805bc1f8e4abfc972b8d93a69e,No,7th,8th,9th,10th,5th,12th,13th,14th,6th,4th,3rd,2nd,1st,11th,Late Afternoon Availability (3:00-5:00pm),"Midday Availability (11:00am-1:00pm), Late Afternoon Availability (3:00-5:00pm)",Late Afternoon Availability (3:00-5:00pm),Midday Availability (11:00am-1:00pm),"Early Afternoon Availability (1:00-3:00pm), Late Afternoon Availability (3:00-5:00pm)",['1c4a33e977488e862a91d21b9f786b6e'],1f4eb6bcc3951341284ad42f989acaec,2
6399b78423e85d2814a87362aebdbeb4,3fa62c1d3270b2ef1a1361e0716ed8a5,No,1st,6th,4th,5th,2nd,11th,12th,13th,10th,14th,9th,8th,3rd,7th,I am not available at any point during the day (9:00am-5:00pm),"Morning Availability (9:00-11:00am), Midday Availability (11:00am-1:00pm)","Morning Availability (9:00-11:00am), Midday Availability (11:00am-1:00pm)","Morning Availability (9:00-11:00am), Midday Availability (11:00am-1:00pm)",Morning Availability (9:00-11:00am),['21309f70bb799cbd07d6ef900a990c36'],99db73a17b41b521be87c691bc1697f1,2
890c637fddd37b235b8109504cf95506,1c4919b0e1e107dc8a23f115324ea489,Maybe,1st,5th,14th,3rd,10th,12th,2nd,4th,7th,13th,8th,9th,6th,11th,"Morning Availability (9:00-11:00am), Midday Availability (11:00am-1:00pm), Early Afternoon Availability (1:00-3:00pm)","Morning Availability (9:00-11:00am), Midday Availability (11:00am-1:00pm), Early Afternoon Availability (1:00-3:00pm)","Morning Availability (9:00-11:00am), Midday Availability (11:00am-1:00pm), Early Afternoon Availability (1:00-3:00pm)","Morning Availability (9:00-11:00am), Midday Availability (11:00am-1:00pm), Early Afternoon Availability (1:00-3:00pm)","Morning Availability (9:00-11:00am), Midday Availability (11:00am-1:00pm), Early Afternoon Availability (1:00-3:00pm), Late Afternoon Availability (3:00-5:00pm)",[''],1699ea9ea14f94400638064d390eb50d,3
844352ae066bbfc9016ab284d36c35e4,6b58f893035de79bc4308a6f183bd970,Maybe,2nd,13th,7th,6th,10th,4th,5th,9th,14th,11th,12th,1st,3rd,8th,"Morning Availability (9:00-11:00am), Midday Availability (11:00am-1:00pm), Early Afternoon Availability (1:00-3:00pm)","Midday Availability (11:00am-1:00pm), Early Afternoon Availability (1:00-3:00pm)","Midday Availability (11:00am-1:00pm), Early Afternoon Availability (1:00-3:00pm)","Morning Availability (9:00-11:00am), Midday Availability (11:00am-1:00pm), Early Afternoon Availability (1:00-3:00pm)","Morning Availability (9:00-11:00am), Midday Availability (11:00am-1:00pm), Late Afternoon Availability (3:00-5:00pm)",['460c5fbcd81aabc268fb1b7cfacfa523'],95dda093b40621d1a1629fe6efa4a15f,2
7d45685b88d00a9eb5074c91bb1d51a0,bc83fe35df1e3e36a969beac52fa2097,Yes,6th,14th,1st,2nd,3rd,12th,5th,11th,7th,8th,9th,10th,4th,13th,Morning Availability (9:00-11:00am),"Midday Availability (11:00am-1:00pm), Early Afternoon Availability (1:00-3:00pm)",Morning Availability (9:00-11:00am),"Midday Availability (11:00am-1:00pm), Early Afternoon Availability (1:00-3:00pm)",Late Afternoon Availability (3:00-5:00pm),['ff0cf7975c6de985255c32089664b146'],bf5dcab36ea2cab81be891aeb42f10d5,1
8302bb46e84c1592d0c64be990445293,5350a0caaf0c1d067639a6f178f8dd03,Maybe,6th,2nd,13th,12th,1st,11th,9th,10th,14th,8th,7th,4th,5th,3rd,I am not available at any point during the day (9:00am-5:00pm),"Morning Availability (9:00-11:00am), Midday Availability (11:00am-1:00pm)",I am not available at any point during the day (9:00am-5:00pm),"Morning Availability (9:00-11:00am), Midday Availability (11:00am-1:00pm)",Midday Availability (11:00am-1:00pm),['a8af7e8e384bb9a0e899774b790e7903'],080fc5b6bd95656ba2165a1bc1802088,1
b94922feab042725fa457c51adddacea,4804f9482a18b17fc29a0f20ad8ea37d,Maybe,7th,9th,8th,4th,2nd,12th,1st,5th,10th,13th,14th,6th,3rd,11th,"Morning Availability (9:00-11:00am), Midday Availability (11:00am-1:00pm)","Morning Availability (9:00-11:00am), Midday Availability (11:00am-1:00pm)","Morning Availability (9:00-11:00am), Midday Availability (11:00am-1:00pm)","Morning Availability (9:00-11:00am), Midday Availability (11:00am-1:00pm)","Morning Availability (9:00-11:00am), Midday Availability (11:00am-1:00pm), Early Afternoon Availability (1:00-3:00pm), Late Afternoon Availability (3:00-5:00pm)",[''],1699ea9ea14f94400638064d390eb50d,4
19c9c437856893b83b57526b1bb3126f,bba8bed98f4498c7d10912efd3262e01,Yes,6th,7th,8th,1st,2nd,9th,10th,11th,5th,12th,13th,3rd,14th,4th,Morning Availability (9:00-11:00am),"Midday Availability (11:00am-1:00pm), Early Afternoon Availability (1:00-3:00pm), Late Afternoon Availability (3:00-5:00pm)",I am not available at any point during the day (9:00am-5:00pm),"Morning Availability (9:00-11:00am), Midday Availability (11:00am-1:00pm), Early Afternoon Availability (1:00-3:00pm), Late Afternoon Availability (3:00-5:00pm)","Midday Availability (11:00am-1:00pm), Early Afternoon Availability (1:00-3:00pm), Late Afternoon Availability (3:00-5:00pm)",[''],a871d0026901a4186f2902c6d7ca23d9,1
65becb0cce7e600e396e233a7186024e,428d72c466ea9f292afe17ae326dbd05,No,3rd,5th,6th,7th,1st,9th,4th,10th,8th,14th,13th,12th,11th,2nd,"Midday Availability (11:00am-1:00pm), Early Afternoon Availability (1:00-3:00pm)",Early Afternoon Availability (1:00-3:00pm),"Early Afternoon Availability (1:00-3:00pm), Late Afternoon Availability (3:00-5:00pm)","Midday Availability (11:00am-1:00pm), Late Afternoon Availability (3:00-5:00pm)","Midday Availability (11:00am-1:00pm), Early Afternoon Availability (1:00-3:00pm), Late Afternoon Availability (3:00-5:00pm)",['1f1f1ed2595239ea02bedd09b49ec344'],1699ea9ea14f94400638064d390eb50d,3
6a78cc4b791629a6bdf6d038d3d2c684,a055354e23ed9552d005e2150d605f6c,,,,,,,,,,,,,,,,,,,,,[''],c4a681ce3d9a804283bb66945c3be328,3
6d24c3b994f382513ea07ee75997e05a,0d3d43bd736d74d1671f91ddd6e8be5a,No,5th,9th,10th,8th,7th,4th,3rd,11th,6th,12th,2nd,14th,1st,13th,"Midday Availability (11:00am-1:00pm), Early Afternoon Availability (1:00-3:00pm)",Midday Availability (11:00am-1:00pm),Midday Availability (11:00am-1:00pm),"Midday Availability (11:00am-1:00pm), Early Afternoon Availability (1:00-3:00pm)",I am not available at any point during the day (9:00am-5:00pm),['6317a050cd3cb032e536e80dd960e191'],95dda093b40621d1a1629fe6efa4a15f,4
76e6f7ded3b07c28633054bd4edf65f7,d5283ca850a3193204cb9c7719473ffc,Yes,2nd,10th,9th,7th,14th,3rd,13th,11th,6th,12th,5th,1st,4th,8th,I am not available at any point during the day (9:00am-5:00pm),"Early Afternoon Availability (1:00-3:00pm), Late Afternoon Availability (3:00-5:00pm)",I am not available at any point during the day (9:00am-5:00pm),"Early Afternoon Availability (1:00-3:00pm), Late Afternoon Availability (3:00-5:00pm)",Morning Availability (9:00-11:00am),[''],95dda093b40621d1a1629fe6efa4a15f,4
e3e76c15bc7b249543dfe6be3343c948,41a947f542aeedea5277fa986a5f13d2,Yes,13th,1st,14th,10th,2nd,5th,11th,6th,12th,4th,7th,8th,3rd,9th,"Morning Availability (9:00-11:00am), Midday Availability (11:00am-1:00pm)",Morning Availability (9:00-11:00am),Midday Availability (11:00am-1:00pm),"Morning Availability (9:00-11:00am), Early Afternoon Availability (1:00-3:00pm)","Morning Availability (9:00-11:00am), Midday Availability (11:00am-1:00pm), Early Afternoon Availability (1:00-3:00pm)",[''],2a5f502a9b0f5d8ca090edfe9516c0f1,1
203fd09f43b625504efa6bb4e140aa44,8505c5c87648f39f82886f4e91619fa5,Maybe,13th,12th,2nd,7th,5th,10th,9th,8th,11th,3rd,14th,6th,4th,1st,Midday Availability (11:00am-1:00pm),Midday Availability (11:00am-1:00pm),"Morning Availability (9:00-11:00am), Midday Availability (11:00am-1:00pm), Early Afternoon Availability (1:00-3:00pm)",Midday Availability (11:00am-1:00pm),"Morning Availability (9:00-11:00am), Midday Availability (11:00am-1:00pm), Early Afternoon Availability (1:00-3:00pm)",['fdb2b9bcdd5aab81c684b935474dc9e1'],84cd248f5289c24095a7f29f23720ef0,1
11ed0730a49123b3de3e122cb61e2f32,8fa3a460efce3ddc1197d4677d16f199,No,3rd,4th,5th,6th,1st,8th,9th,6th,7th,3rd,4th,4th,2nd,8th,"Early Afternoon Availability (1:00-3:00pm), I am not available at any point during the day (9:00am-5:00pm)","Morning Availability (9:00-11:00am), Midday Availability (11:00am-1:00pm)","Morning Availability (9:00-11:00am), Early Afternoon Availability (1:00-3:00pm)","Morning Availability (9:00-11:00am), Midday Availability (11:00am-1:00pm), Early Afternoon Availability (1:00-3:00pm)","Midday Availability (11:00am-1:00pm), Early Afternoon Availability (1:00-3:00pm), Late Afternoon Availability (3:00-5:00pm)",[''],84cd248f5289c24095a7f29f23720ef0,2
c71af3765810d9937b7675d88f959b09,41410c31e9794404f1b0e7139cc989ec,Yes,7th,5th,8th,13th,2nd,1st,4th,9th,6th,10th,12th,11th,14th,3rd,"Midday Availability (11:00am-1:00pm), Early Afternoon Availability (1:00-3:00pm)","Midday Availability (11:00am-1:00pm), Early Afternoon Availability (1:00-3:00pm), Late Afternoon Availability (3:00-5:00pm)",Midday Availability (11:00am-1:00pm),"Midday Availability (11:00am-1:00pm), Early Afternoon Availability (1:00-3:00pm), Late Afternoon Availability (3:00-5:00pm)",I am not available at any point during the day (9:00am-5:00pm),['8b703286fc3909324d3f394463e3e725'],95dda093b40621d1a1629fe6efa4a15f,2
b7bd8039889a173eaf19d313b9a28bbe,d56c5ac21f86ce85b32c746b14f9d444,No,1st,13th,3rd,6th,8th,7th,4th,9th,5th,10th,11th,12th,2nd,14th,"Early Afternoon Availability (1:00-3:00pm), Late Afternoon Availability (3:00-5:00pm)","Early Afternoon Availability (1:00-3:00pm), Late Afternoon Availability (3:00-5:00pm)",Late Afternoon Availability (3:00-5:00pm),I am not available at any point during the day (9:00am-5:00pm),Early Afternoon Availability (1:00-3:00pm),"['00f8977db5e78880727c4ba377a7e5b4', '49ed43805e8c77dec154241be48808cb']",1699ea9ea14f94400638064d390eb50d,1
460c5fbcd81aabc268fb1b7cfacfa523,da8811a64921fb81790681290021c2a9,No,2nd,13th,7th,6th,10th,4th,5th,9th,14th,11th,12th,1st,3rd,8th,Midday Availability (11:00am-1:00pm),"Midday Availability (11:00am-1:00pm), Early Afternoon Availability (1:00-3:00pm)",Midday Availability (11:00am-1:00pm),"Midday Availability (11:00am-1:00pm), Early Afternoon Availability (1:00-3:00pm)","Midday Availability (11:00am-1:00pm), Early Afternoon Availability (1:00-3:00pm), Late Afternoon Availability (3:00-5:00pm)",['844352ae066bbfc9016ab284d36c35e4'],95dda093b40621d1a1629fe6efa4a15f,2
b69c5d5a2bf0d35b84146952eb6027b3,475e942ad006a214b088076c40d0e518,Maybe,1st,2nd,11th,6th,3rd,8th,4th,13th,7th,14th,12th,10th,5th,9th,Morning Availability (9:00-11:00am),"Morning Availability (9:00-11:00am), Midday Availability (11:00am-1:00pm)",Morning Availability (9:00-11:00am),"Morning Availability (9:00-11:00am), Midday Availability (11:00am-1:00pm), Early Afternoon Availability (1:00-3:00pm), Late Afternoon Availability (3:00-5:00pm)","Morning Availability (9:00-11:00am), Midday Availability (11:00am-1:00pm), Early Afternoon Availability (1:00-3:00pm)",['7ffbd4cb2d1294a668a5ad52d562cdf6'],1699ea9ea14f94400638064d390eb50d,4
fed9d9d15774b5ae498ab1c540cc3f2e,a2566f1054c5aaacd4fde2a74c5d8091,Maybe,14th,2nd,8th,7th,5th,9th,6th,14th,4th,1st,14th,14th,3rd,14th,"Midday Availability (11:00am-1:00pm), Early Afternoon Availability (1:00-3:00pm)",I am not available at any point during the day (9:00am-5:00pm),I am not available at any point during the day (9:00am-5:00pm),Early Afternoon Availability (1:00-3:00pm),Late Afternoon Availability (3:00-5:00pm),['829f6fb5d4c78b70183cc0fc61615a0f'],84cd248f5289c24095a7f29f23720ef0,1
8bb111b8bf69244be360e0c6f549e1a4,1eae8ce6da51a0e4e82277b3515ecf60,Yes,14th,5th,6th,2nd,1st,12th,10th,9th,11th,13th,8th,3rd,4th,7th,"Midday Availability (11:00am-1:00pm), Early Afternoon Availability (1:00-3:00pm)","Midday Availability (11:00am-1:00pm), Early Afternoon Availability (1:00-3:00pm)","Morning Availability (9:00-11:00am), Midday Availability (11:00am-1:00pm)","Midday Availability (11:00am-1:00pm), Early Afternoon Availability (1:00-3:00pm)","Morning Availability (9:00-11:00am), Midday Availability (11:00am-1:00pm), Early Afternoon Availability (1:00-3:00pm), Late Afternoon Availability (3:00-5:00pm)",['f0303bfb0b701f7ac94b3aff937fffe2'],a871d0026901a4186f2902c6d7ca23d9,1
e5dcd57e5e85cb501b40f8291e80bb20,0f4774ca1de9a7d34921105347b95bb9,Yes,4th,7th,13th,3rd,5th,12th,10th,9th,11th,14th,6th,2nd,1st,8th,I am not available at any point during the day (9:00am-5:00pm),Late Afternoon Availability (3:00-5:00pm),I am not available at any point during the day (9:00am-5:00pm),"Midday Availability (11:00am-1:00pm), Early Afternoon Availability (1:00-3:00pm), Late Afternoon Availability (3:00-5:00pm)","Midday Availability (11:00am-1:00pm), Early Afternoon Availability (1:00-3:00pm), Late Afternoon Availability (3:00-5:00pm)",[''],d96c3199963b71fc71564236b25bd1f8,1
5aabd3d54a0eea9855175da2dbf36fd2,8704807c88be873a29b35e6d8d9664bc,Maybe,14th,9th,8th,5th,6th,12th,3rd,4th,13th,7th,10th,11th,1st,2nd,I am not available at any point during the day (9:00am-5:00pm),"Early Afternoon Availability (1:00-3:00pm), Late Afternoon Availability (3:00-5:00pm)",I am not available at any point during the day (9:00am-5:00pm),"Early Afternoon Availability (1:00-3:00pm), Late Afternoon Availability (3:00-5:00pm)",Late Afternoon Availability (3:00-5:00pm),['768c2ae5ccca3ece6392bd018a20e9fb'],c4a681ce3d9a804283bb66945c3be328,2
5f9a44790a88d72a8942c865533ad98a,89d4dc89aa927ffde6520cefe3a41f7e,Maybe,1st,14th,2nd,4th,8th,10th,7th,9th,13th,11th,12th,3rd,6th,5th,"Early Afternoon Availability (1:00-3:00pm), Late Afternoon Availability (3:00-5:00pm)",I am not available at any point during the day (9:00am-5:00pm),"Early Afternoon Availability (1:00-3:00pm), Late Afternoon Availability (3:00-5:00pm)",I am not available at any point during the day (9:00am-5:00pm),"Midday Availability (11:00am-1:00pm), Early Afternoon Availability (1:00-3:00pm), Late Afternoon Availability (3:00-5:00pm)",[''],f14bacd9c5e337e88617ecf7588b09c1,1
768c2ae5ccca3ece6392bd018a20e9fb,0ca29eff003f5d8cfa195094b0e401c3,Yes,14th,9th,8th,5th,6th,12th,3rd,4th,13th,7th,10th,11th,1st,2nd,I am not available at any point during the day (9:00am-5:00pm),Morning Availability (9:00-11:00am),I am not available at any point during the day (9:00am-5:00pm),"Morning Availability (9:00-11:00am), Midday Availability (11:00am-1:00pm)","Morning Availability (9:00-11:00am), Midday Availability (11:00am-1:00pm), Late Afternoon Availability (3:00-5:00pm)",['5aabd3d54a0eea9855175da2dbf36fd2'],c4a681ce3d9a804283bb66945c3be328,2
6c53f2a39213a4ab9e1bc6c2a8208e18,d3230746e2d1362e30df0a984dd35aa6,Yes,9th,8th,10th,3rd,1st,12th,4th,6th,7th,13th,11th,14th,5th,2nd,"Midday Availability (11:00am-1:00pm), Early Afternoon Availability (1:00-3:00pm)",Midday Availability (11:00am-1:00pm),I am not available at any point during the day (9:00am-5:00pm),"Midday Availability (11:00am-1:00pm), Early Afternoon Availability (1:00-3:00pm)","Midday Availability (11:00am-1:00pm), Early Afternoon Availability (1:00-3:00pm)",['c202d039d347951a79ca35fc721fdb53'],080fc5b6bd95656ba2165a1bc1802088,2
21ef002d2c0bb2e6adebbfb5f14c1783,0293c0edf2127585b46040aaf941ff97,Maybe,13th,12th,11th,10th,5th,8th,7th,3rd,4th,2nd,6th,1st,14th,9th,I am not available at any point during the day (9:00am-5:00pm),Late Afternoon Availability (3:00-5:00pm),I am not available at any point during the day (9:00am-5:00pm),"Early Afternoon Availability (1:00-3:00pm), Late Afternoon Availability (3:00-5:00pm)","Early Afternoon Availability (1:00-3:00pm), Late Afternoon Availability (3:00-5:00pm)",['1e5263543a62193fc0d53fe3f49d61b1'],c4a681ce3d9a804283bb66945c3be328,3
252aed5ae9cddda765069bec5425c7bb,87c9275e97b4714dddbfc20e188aa3bb,Maybe,9th,9th,8th,9th,1st,5th,6th,7th,9th,9th,4th,9th,3rd,2nd,Morning Availability (9:00-11:00am),Morning Availability (9:00-11:00am),Morning Availability (9:00-11:00am),Morning Availability (9:00-11:00am),Morning Availability (9:00-11:00am),['0d06fc95310aa560ca7e966962f99fdf'],080fc5b6bd95656ba2165a1bc1802088,4
825d265ffcc8bda681cee28619afbfa2,9fe3ffcb3c4a8be528634ea30acd9d7e,No,7th,8th,9th,10th,1st,5th,11th,12th,6th,13th,14th,2nd,4th,3rd,"Midday Availability (11:00am-1:00pm), Early Afternoon Availability (1:00-3:00pm)","Morning Availability (9:00-11:00am), Midday Availability (11:00am-1:00pm), Early Afternoon Availability (1:00-3:00pm)","Morning Availability (9:00-11:00am), Midday Availability (11:00am-1:00pm), Early Afternoon Availability (1:00-3:00pm)","Morning Availability (9:00-11:00am), Midday Availability (11:00am-1:00pm), Early Afternoon Availability (1:00-3:00pm)","Morning Availability (9:00-11:00am), Midday Availability (11:00am-1:00pm), Early Afternoon Availability (1:00-3:00pm), Late Afternoon Availability (3:00-5:00pm)",['fe803ea0842de54f9046c451c4444114'],080fc5b6bd95656ba2165a1bc1802088,2
fdb2b9bcdd5aab81c684b935474dc9e1,8faa6981a1d99e83a16096c463276859,Maybe,13th,12th,2nd,7th,5th,10th,9th,8th,11th,3rd,14th,6th,4th,1st,"Midday Availability (11:00am-1:00pm), Early Afternoon Availability (1:00-3:00pm)",Midday Availability (11:00am-1:00pm),"Midday Availability (11:00am-1:00pm), Early Afternoon Availability (1:00-3:00pm)","Midday Availability (11:00am-1:00pm), Early Afternoon Availability (1:00-3:00pm)","Early Afternoon Availability (1:00-3:00pm), Late Afternoon Availability (3:00-5:00pm)",['203fd09f43b625504efa6bb4e140aa44'],84cd248f5289c24095a7f29f23720ef0,1
eb2200e5c5841bf818dec4c5784d225d,1a951c42df89d8de1b8be01122f6ce65,Maybe,13th,12th,11th,2nd,1st,9th,8th,7th,14th,6th,5th,4th,3rd,10th,Morning Availability (9:00-11:00am),"Midday Availability (11:00am-1:00pm), Late Afternoon Availability (3:00-5:00pm)",I am not available at any point during the day (9:00am-5:00pm),"Midday Availability (11:00am-1:00pm), Early Afternoon Availability (1:00-3:00pm), Late Afternoon Availability (3:00-5:00pm)","Early Afternoon Availability (1:00-3:00pm), Late Afternoon Availability (3:00-5:00pm)",['d428533148fe780124e3447967b0fa99'],6d01182543b886b3aaf0e40d02bf0a5e,1
1f1f1ed2595239ea02bedd09b49ec344,1f38c6691dfa1ecf363fa8d6c674269b,No,3rd,12th,5th,6th,1st,13th,4th,14th,11th,7th,8th,9th,10th,2nd,"Morning Availability (9:00-11:00am), Early Afternoon Availability (1:00-3:00pm)",I am not available at any point during the day (9:00am-5:00pm),"Morning Availability (9:00-11:00am), Early Afternoon Availability (1:00-3:00pm)","Morning Availability (9:00-11:00am), Midday Availability (11:00am-1:00pm)","Morning Availability (9:00-11:00am), Early Afternoon Availability (1:00-3:00pm), Late Afternoon Availability (3:00-5:00pm)",['65becb0cce7e600e396e233a7186024e'],1699ea9ea14f94400638064d390eb50d,3
f3f6c69b2257925117e15a6f60af8117,60dfcc96cc52fc6d73aa791e6dd4977f,Yes,14th,5th,13th,8th,6th,12th,1st,7th,9th,3rd,10th,4th,11th,2nd,I am not available at any point during the day (9:00am-5:00pm),"Morning Availability (9:00-11:00am), Late Afternoon Availability (3:00-5:00pm)",I am not available at any point during the day (9:00am-5:00pm),"Morning Availability (9:00-11:00am), Late Afternoon Availability (3:00-5:00pm)","Morning Availability (9:00-11:00am), Late Afternoon Availability (3:00-5:00pm)",[''],84cd248f5289c24095a7f29f23720ef0,2
6317a050cd3cb032e536e80dd960e191,b6201a0cc8f8ee876bca4a3f70fc1f46,Maybe,2nd,8th,14th,11th,12th,4th,3rd,7th,9th,10th,5th,6th,1st,13th,I am not available at any point during the day (9:00am-5:00pm),"Early Afternoon Availability (1:00-3:00pm), Late Afternoon Availability (3:00-5:00pm)",Midday Availability (11:00am-1:00pm),"Early Afternoon Availability (1:00-3:00pm), Late Afternoon Availability (3:00-5:00pm)","Midday Availability (11:00am-1:00pm), Early Afternoon Availability (1:00-3:00pm), Late Afternoon Availability (3:00-5:00pm)",['61d755f8e8fb714b5615544b2f9b31ec'],95dda093b40621d1a1629fe6efa4a15f,4
f4e32ee7c8f61525a0fc244611bcb944,88baf5e91d11feae5c07c95ab75cef10,,,,,,,,,,,,,,,,,,,,,[''],1699ea9ea14f94400638064d390eb50d,5
fbd2bcb297d6d27f493520b3765e1376,fd58dff13bbab23ef29613892da4d8b4,No,11th,5th,4th,14th,7th,10th,6th,13th,12th,9th,8th,2nd,1st,3rd,Late Afternoon Availability (3:00-5:00pm),I am not available at any point during the day (9:00am-5:00pm),Late Afternoon Availability (3:00-5:00pm),Late Afternoon Availability (3:00-5:00pm),Late Afternoon Availability (3:00-5:00pm),[''],99db73a17b41b521be87c691bc1697f1,2
db5e63bbac6d22a8379345cc3547fd51,c359d0e6b6611e4c7a72c24af2226f7a,No,11th,14th,2nd,5th,4th,6th,3rd,7th,13th,10th,8th,9th,1st,12th,"Morning Availability (9:00-11:00am), Midday Availability (11:00am-1:00pm), Early Afternoon Availability (1:00-3:00pm)",I am not available at any point during the day (9:00am-5:00pm),I am not available at any point during the day (9:00am-5:00pm),I am not available at any point during the day (9:00am-5:00pm),Early Afternoon Availability (1:00-3:00pm),[''],1699ea9ea14f94400638064d390eb50d,1
087ec29bc3215bfd0d93b7c29ae05b07,394303d98a6ba58118c5566ddd79a04a,Maybe,3rd,9th,8th,1st,2nd,12th,10th,5th,13th,14th,4th,7th,6th,11th,Morning Availability (9:00-11:00am),"Midday Availability (11:00am-1:00pm), Early Afternoon Availability (1:00-3:00pm), Late Afternoon Availability (3:00-5:00pm)",I am not available at any point during the day (9:00am-5:00pm),"Morning Availability (9:00-11:00am), Midday Availability (11:00am-1:00pm), Early Afternoon Availability (1:00-3:00pm), Late Afternoon Availability (3:00-5:00pm)","Midday Availability (11:00am-1:00pm), Early Afternoon Availability (1:00-3:00pm), Late Afternoon Availability (3:00-5:00pm)",['b20120c9684d334ac99f2f1c161ff8ac'],f14bacd9c5e337e88617ecf7588b09c1,1
fe803ea0842de54f9046c451c4444114,a2b86f1f4d169fa56b96d3bf3bd508bc,No,7th,8th,9th,10th,1st,5th,11th,12th,6th,13th,14th,2nd,4th,3rd,"Midday Availability (11:00am-1:00pm), Late Afternoon Availability (3:00-5:00pm)","Morning Availability (9:00-11:00am), Early Afternoon Availability (1:00-3:00pm)","Morning Availability (9:00-11:00am), Midday Availability (11:00am-1:00pm), Late Afternoon Availability (3:00-5:00pm)","Morning Availability (9:00-11:00am), Midday Availability (11:00am-1:00pm), Early Afternoon Availability (1:00-3:00pm)","Morning Availability (9:00-11:00am), Early Afternoon Availability (1:00-3:00pm), Late Afternoon Availability (3:00-5:00pm)",['825d265ffcc8bda681cee28619afbfa2'],080fc5b6bd95656ba2165a1bc1802088,2
c59bf4b7560ca447038f20bd55552881,e536c45032cfa09bd451a1576671ba1a,No,7th,8th,9th,10th,1st,5th,11th,12th,6th,13th,14th,2nd,4th,3rd,Late Afternoon Availability (3:00-5:00pm),Late Afternoon Availability (3:00-5:00pm),Late Afternoon Availability (3:00-5:00pm),Late Afternoon Availability (3:00-5:00pm),"Early Afternoon Availability (1:00-3:00pm), Late Afternoon Availability (3:00-5:00pm)",['4d4dc1ca9092b6a1fbaa0973d4899ba4'],080fc5b6bd95656ba2165a1bc1802088,5
560dfb96a234d2d70186b4d4c1e79052,9ea4c58882ee67ef9dedb9e2c4549838,No,5th,6th,7th,2nd,1st,9th,10th,11th,4th,12th,13th,14th,3rd,8th,"Midday Availability (11:00am-1:00pm), Early Afternoon Availability (1:00-3:00pm)","Midday Availability (11:00am-1:00pm), Early Afternoon Availability (1:00-3:00pm)","Midday Availability (11:00am-1:00pm), Early Afternoon Availability (1:00-3:00pm)","Midday Availability (11:00am-1:00pm), Early Afternoon Availability (1:00-3:00pm)","Midday Availability (11:00am-1:00pm), Early Afternoon Availability (1:00-3:00pm)","['d428533148fe780124e3447967b0fa99', '0bc1bd2935bb58e581035d2a5ac62de3', 'eb2200e5c5841bf818dec4c5784d225d']",a871d0026901a4186f2902c6d7ca23d9,1
e12608e4aca1cb5f0ba774fdca801653,146fdbf14c8492e1b1dd4b8ce7789219,Yes,3rd,4th,10th,12th,9th,1st,8th,14th,6th,11th,5th,13th,2nd,7th,"Morning Availability (9:00-11:00am), Midday Availability (11:00am-1:00pm)","Morning Availability (9:00-11:00am), Midday Availability (11:00am-1:00pm)","Midday Availability (11:00am-1:00pm), Early Afternoon Availability (1:00-3:00pm), Late Afternoon Availability (3:00-5:00pm)","Morning Availability (9:00-11:00am), Midday Availability (11:00am-1:00pm), Early Afternoon Availability (1:00-3:00pm), Late Afternoon Availability (3:00-5:00pm)","Morning Availability (9:00-11:00am), Midday Availability (11:00am-1:00pm), Early Afternoon Availability (1:00-3:00pm), Late Afternoon Availability (3:00-5:00pm)",['e1dbb90d537d4426ecb927e640a47d11'],95dda093b40621d1a1629fe6efa4a15f,3
7ffbd4cb2d1294a668a5ad52d562cdf6,fc360fe6cc20ea59cefb9adaa52c3a1c,Maybe,1st,2nd,11th,6th,3rd,8th,4th,13th,7th,14th,12th,10th,5th,9th,"Morning Availability (9:00-11:00am), Midday Availability (11:00am-1:00pm), Early Afternoon Availability (1:00-3:00pm)",I am not available at any point during the day (9:00am-5:00pm),"Morning Availability (9:00-11:00am), Midday Availability (11:00am-1:00pm), Early Afternoon Availability (1:00-3:00pm)",I am not available at any point during the day (9:00am-5:00pm),"Midday Availability (11:00am-1:00pm), Early Afternoon Availability (1:00-3:00pm), Late Afternoon Availability (3:00-5:00pm)",['1a4a0e9956838c50baed7d41915371ec'],f14bacd9c5e337e88617ecf7588b09c1,2
06fb6b623c90913a6a193aac760c8292,3e79d766c19c8a16cf1224800993dcd0,Yes,12th,1st,7th,5th,2nd,4th,14th,8th,11th,10th,9th,13th,3rd,6th,"Morning Availability (9:00-11:00am), Midday Availability (11:00am-1:00pm), Early Afternoon Availability (1:00-3:00pm)",I am not available at any point during the day (9:00am-5:00pm),"Morning Availability (9:00-11:00am), Midday Availability (11:00am-1:00pm), Early Afternoon Availability (1:00-3:00pm)",I am not available at any point during the day (9:00am-5:00pm),"Morning Availability (9:00-11:00am), Midday Availability (11:00am-1:00pm), Early Afternoon Availability (1:00-3:00pm), Late Afternoon Availability (3:00-5:00pm)",[''],2a5f502a9b0f5d8ca090edfe9516c0f1,2
ab511e87d9bf6c99bb2e4bed59048133,1ab5016cef4b0cf463c9d3f790c3eb34,No,2nd,6th,7th,8th,10th,9th,1st,4th,5th,11th,12th,13th,14th,3rd,Morning Availability (9:00-11:00am),I am not available at any point during the day (9:00am-5:00pm),I am not available at any point during the day (9:00am-5:00pm),Midday Availability (11:00am-1:00pm),Morning Availability (9:00-11:00am),['ef5cfb3056db68e154e24dec1ae58c1e'],c4a681ce3d9a804283bb66945c3be328,4
8f9967491e62c87f4af5333388f2137a,2477a34c9bcb2f8dc9aa10c2adbe7134,Yes,1st,2nd,11th,6th,3rd,8th,4th,13th,7th,14th,12th,10th,5th,9th,"Morning Availability (9:00-11:00am), Midday Availability (11:00am-1:00pm), Early Afternoon Availability (1:00-3:00pm), Late Afternoon Availability (3:00-5:00pm), I am not available at any point during the day (9:00am-5:00pm)","Morning Availability (9:00-11:00am), Midday Availability (11:00am-1:00pm), Early Afternoon Availability (1:00-3:00pm), Late Afternoon Availability (3:00-5:00pm), I am not available at any point during the day (9:00am-5:00pm)","Morning Availability (9:00-11:00am), Midday Availability (11:00am-1:00pm), Early Afternoon Availability (1:00-3:00pm), Late Afternoon Availability (3:00-5:00pm), I am not available at any point during the day (9:00am-5:00pm)","Morning Availability (9:00-11:00am), Midday Availability (11:00am-1:00pm), Early Afternoon Availability (1:00-3:00pm), Late Afternoon Availability (3:00-5:00pm), I am not available at any point during the day (9:00am-5:00pm)","Morning Availability (9:00-11:00am), Midday Availability (11:00am-1:00pm), Early Afternoon Availability (1:00-3:00pm), Late Afternoon Availability (3:00-5:00pm), I am not available at any point during the day (9:00am-5:00pm)",['7ffbd4cb2d1294a668a5ad52d562cdf6'],a871d0026901a4186f2902c6d7ca23d9,2
c20d4a22c92e08e4bdf056414e12a591,e00748a0548503d4e51c8bdc7405919e,No,4th,4th,3rd,3rd,1st,3rd,2nd,3rd,3rd,5th,3rd,3rd,3rd,3rd,Morning Availability (9:00-11:00am),"Midday Availability (11:00am-1:00pm), Late Afternoon Availability (3:00-5:00pm)",I am not available at any point during the day (9:00am-5:00pm),"Midday Availability (11:00am-1:00pm), Early Afternoon Availability (1:00-3:00pm), Late Afternoon Availability (3:00-5:00pm)","Morning Availability (9:00-11:00am), Midday Availability (11:00am-1:00pm), Late Afternoon Availability (3:00-5:00pm)",[''],c4a681ce3d9a804283bb66945c3be328,1
4af593a7d210425a677f7df8cad5485c,0559e6c21e08f0092dfeffbc71fc30e0,No,8th,12th,14th,11th,1st,10th,5th,6th,13th,4th,2nd,7th,3rd,9th,"Early Afternoon Availability (1:00-3:00pm), Late Afternoon Availability (3:00-5:00pm)","Midday Availability (11:00am-1:00pm), Early Afternoon Availability (1:00-3:00pm)",I am not available at any point during the day (9:00am-5:00pm),"Midday Availability (11:00am-1:00pm), Early Afternoon Availability (1:00-3:00pm)","Morning Availability (9:00-11:00am), Midday Availability (11:00am-1:00pm), Early Afternoon Availability (1:00-3:00pm), Late Afternoon Availability (3:00-5:00pm)",['bd985fe6363ecfb69455cca82d96ace2'],1f4eb6bcc3951341284ad42f989acaec,3
bae4facceaa7f115aeefd6725925cf3a,c896910948d66af7ca304729b948b384,Maybe,3rd,13th,2nd,12th,9th,4th,11th,10th,5th,8th,6th,7th,1st,14th,Midday Availability (11:00am-1:00pm),I am not available at any point during the day (9:00am-5:00pm),"Morning Availability (9:00-11:00am), Midday Availability (11:00am-1:00pm)",I am not available at any point during the day (9:00am-5:00pm),"Morning Availability (9:00-11:00am), Early Afternoon Availability (1:00-3:00pm), Late Afternoon Availability (3:00-5:00pm)",[''],f14bacd9c5e337e88617ecf7588b09c1,2
0106147bfcfcc786584acdc1da536bf2,78328ceb6a68c98180e7d1ee371dec30,No,2nd,6th,11th,1st,10th,8th,4th,9th,7th,14th,12th,13th,3rd,5th,"Midday Availability (11:00am-1:00pm), Early Afternoon Availability (1:00-3:00pm)","Morning Availability (9:00-11:00am), Early Afternoon Availability (1:00-3:00pm)",I am not available at any point during the day (9:00am-5:00pm),Early Afternoon Availability (1:00-3:00pm),"Morning Availability (9:00-11:00am), Midday Availability (11:00am-1:00pm), Early Afternoon Availability (1:00-3:00pm), Late Afternoon Availability (3:00-5:00pm)",['d1598d664f176e67db161a13200da8fa'],6d01182543b886b3aaf0e40d02bf0a5e,2
643baaf7f2b9289947f67e439ee6f08d,b0b87f97459978c64a18c4d22ea477db,No,10th,12th,4th,3rd,1st,6th,8th,9th,7th,5th,11th,14th,2nd,13th,Early Afternoon Availability (1:00-3:00pm),Late Afternoon Availability (3:00-5:00pm),Early Afternoon Availability (1:00-3:00pm),Late Afternoon Availability (3:00-5:00pm),"Early Afternoon Availability (1:00-3:00pm), Late Afternoon Availability (3:00-5:00pm)",[''],a871d0026901a4186f2902c6d7ca23d9,2
0b05ad4eab9478056fb089f0cca202e8,28b98e05c5822d8e40776a8d41d7bf64,Maybe,7th,2nd,3rd,4th,14th,9th,10th,11th,8th,12th,13th,1st,6th,5th,"Morning Availability (9:00-11:00am), Midday Availability (11:00am-1:00pm), Early Afternoon Availability (1:00-3:00pm)","Morning Availability (9:00-11:00am), Early Afternoon Availability (1:00-3:00pm)","Midday Availability (11:00am-1:00pm), Early Afternoon Availability (1:00-3:00pm)","Morning Availability (9:00-11:00am), Early Afternoon Availability (1:00-3:00pm), Late Afternoon Availability (3:00-5:00pm)",Morning Availability (9:00-11:00am),['03073ba984464a463a88130ef525d597'],d96c3199963b71fc71564236b25bd1f8,2
409952d3b593c42cee57e78e91bede24,827e14bd59aba86e36e4e29bd3ca6b0e,Maybe,6th,7th,8th,9th,5th,2nd,4th,1st,3rd,11th,12th,13th,14th,10th,"Midday Availability (11:00am-1:00pm), Early Afternoon Availability (1:00-3:00pm)",I am not available at any point during the day (9:00am-5:00pm),"Midday Availability (11:00am-1:00pm), Early Afternoon Availability (1:00-3:00pm)",I am not available at any point during the day (9:00am-5:00pm),"Morning Availability (9:00-11:00am), Midday Availability (11:00am-1:00pm), Early Afternoon Availability (1:00-3:00pm), Late Afternoon Availability (3:00-5:00pm)",[''],c4a681ce3d9a804283bb66945c3be328,4
605adc92a8bc9eacbbae21ad4a6995a5,50375a58241f2b91a95bfb6cf4a83da6,Maybe,3rd,9th,8th,1st,2nd,12th,10th,5th,13th,14th,4th,7th,6th,11th,I am not available at any point during the day (9:00am-5:00pm),Late Afternoon Availability (3:00-5:00pm),I am not available at any point during the day (9:00am-5:00pm),Late Afternoon Availability (3:00-5:00pm),Late Afternoon Availability (3:00-5:00pm),['b20120c9684d334ac99f2f1c161ff8ac'],f14bacd9c5e337e88617ecf7588b09c1,1
8542972b60ae52213c000c50a116beb5,49ac05286e785d19613c9d177a5fd091,No,14th,2nd,3rd,13th,1st,8th,9th,6th,4th,10th,11th,12th,5th,7th,"Early Afternoon Availability (1:00-3:00pm), Late Afternoon Availability (3:00-5:00pm)",Morning Availability (9:00-11:00am),Morning Availability (9:00-11:00am),Morning Availability (9:00-11:00am),"Early Afternoon Availability (1:00-3:00pm), Late Afternoon Availability (3:00-5:00pm)",[''],ce9a07724daed8a4f2bb0243a197f7c0,3
9c5beca41e906e85eba6fd8495c0fa51,475fffb78ff80ab90118c774cbe41571,Maybe,14th,14th,14th,14th,6th,4th,14th,14th,2nd,14th,7th,3rd,1st,14th,Late Afternoon Availability (3:00-5:00pm),Late Afternoon Availability (3:00-5:00pm),"Midday Availability (11:00am-1:00pm), Early Afternoon Availability (1:00-3:00pm)",I am not available at any point during the day (9:00am-5:00pm),I am not available at any point during the day (9:00am-5:00pm),"['825d265ffcc8bda681cee28619afbfa2', '7ffbd4cb2d1294a668a5ad52d562cdf6', 'ab937e2f884f4eb7d9575aed43b88177']",ce9a07724daed8a4f2bb0243a197f7c0,1
7d0ec19d0b7f66336018d179b1e4c684,0dca9c8b24bccc9223f68e8b6075afe0,Maybe,10th,6th,14th,11th,8th,4th,3rd,9th,7th,12th,2nd,13th,5th,1st,"Morning Availability (9:00-11:00am), Early Afternoon Availability (1:00-3:00pm)",I am not available at any point during the day (9:00am-5:00pm),Early Afternoon Availability (1:00-3:00pm),Early Afternoon Availability (1:00-3:00pm),"Early Afternoon Availability (1:00-3:00pm), Late Afternoon Availability (3:00-5:00pm)",[''],1f4eb6bcc3951341284ad42f989acaec,1
514ed3fb95c42146dcc4975caf538e2a,ce320f0d996368c158bd6a27e154e586,Maybe,2nd,13th,7th,6th,10th,4th,5th,9th,14th,11th,12th,1st,3rd,8th,Midday Availability (11:00am-1:00pm),"Midday Availability (11:00am-1:00pm), Early Afternoon Availability (1:00-3:00pm), Late Afternoon Availability (3:00-5:00pm)",I am not available at any point during the day (9:00am-5:00pm),"Midday Availability (11:00am-1:00pm), Early Afternoon Availability (1:00-3:00pm), Late Afternoon Availability (3:00-5:00pm)","Midday Availability (11:00am-1:00pm), Early Afternoon Availability (1:00-3:00pm), Late Afternoon Availability (3:00-5:00pm)",['ab937e2f884f4eb7d9575aed43b88177'],95dda093b40621d1a1629fe6efa4a15f,1
5f287e880f3b9114547d0542565712d2,73536d1a8d59f5e9a09fb32fcff1d8bd,Maybe,12th,4th,6th,10th,14th,5th,3rd,9th,2nd,1st,13th,7th,8th,11th,"Midday Availability (11:00am-1:00pm), Early Afternoon Availability (1:00-3:00pm), Late Afternoon Availability (3:00-5:00pm)",Early Afternoon Availability (1:00-3:00pm),"Midday Availability (11:00am-1:00pm), Early Afternoon Availability (1:00-3:00pm), Late Afternoon Availability (3:00-5:00pm)",Early Afternoon Availability (1:00-3:00pm),"Morning Availability (9:00-11:00am), Midday Availability (11:00am-1:00pm), Early Afternoon Availability (1:00-3:00pm), Late Afternoon Availability (3:00-5:00pm)",[''],ce9a07724daed8a4f2bb0243a197f7c0,3
d725534d702d874debdda2a3c59174fe,36ee4e3eb494845bd706cc354b369c08,No,6th,3rd,4th,9th,12th,10th,5th,11th,8th,1st,13th,14th,7th,2nd,Early Afternoon Availability (1:00-3:00pm),Morning Availability (9:00-11:00am),"Morning Availability (9:00-11:00am), Midday Availability (11:00am-1:00pm), Early Afternoon Availability (1:00-3:00pm)","Morning Availability (9:00-11:00am), Early Afternoon Availability (1:00-3:00pm)","Morning Availability (9:00-11:00am), Midday Availability (11:00am-1:00pm), Early Afternoon Availability (1:00-3:00pm), Late Afternoon Availability (3:00-5:00pm)",[''],84cd248f5289c24095a7f29f23720ef0,3
8e95e981b89a1dbb951dc8536c0c0f80,167c6d8fd5681acd1468f30dd34fcc1f,Yes,1st,8th,11th,10th,3rd,4th,7th,6th,9th,13th,14th,5th,12th,2nd,Late Afternoon Availability (3:00-5:00pm),I am not available at any point during the day (9:00am-5:00pm),Late Afternoon Availability (3:00-5:00pm),Late Afternoon Availability (3:00-5:00pm),"Midday Availability (11:00am-1:00pm), Early Afternoon Availability (1:00-3:00pm), Late Afternoon Availability (3:00-5:00pm)",[''],f14bacd9c5e337e88617ecf7588b09c1,2
21309f70bb799cbd07d6ef900a990c36,1eb333c893c50462624c3c77e110337a,Yes,1st,6th,4th,5th,2nd,11th,12th,13th,10th,14th,9th,8th,3rd,7th,"Morning Availability (9:00-11:00am), Midday Availability (11:00am-1:00pm)",Morning Availability (9:00-11:00am),"Morning Availability (9:00-11:00am), Midday Availability (11:00am-1:00pm)","Morning Availability (9:00-11:00am), Midday Availability (11:00am-1:00pm), Early Afternoon Availability (1:00-3:00pm)","Morning Availability (9:00-11:00am), Midday Availability (11:00am-1:00pm)",['6399b78423e85d2814a87362aebdbeb4'],99db73a17b41b521be87c691bc1697f1,2
49ed43805e8c77dec154241be48808cb,c753991d5dac37e5b42454695a7ce06c,Maybe,1st,13th,3rd,6th,8th,7th,4th,9th,5th,10th,11th,12th,2nd,14th,"Midday Availability (11:00am-1:00pm), Early Afternoon Availability (1:00-3:00pm)","Morning Availability (9:00-11:00am), Midday Availability (11:00am-1:00pm), Early Afternoon Availability (1:00-3:00pm)","Morning Availability (9:00-11:00am), Midday Availability (11:00am-1:00pm), Early Afternoon Availability (1:00-3:00pm), Late Afternoon Availability (3:00-5:00pm)",Early Afternoon Availability (1:00-3:00pm),"Morning Availability (9:00-11:00am), Midday Availability (11:00am-1:00pm), Early Afternoon Availability (1:00-3:00pm), Late Afternoon Availability (3:00-5:00pm)","['00f8977db5e78880727c4ba377a7e5b4', 'e0675cc1666502b81fde6189185d729a']",1699ea9ea14f94400638064d390eb50d,1
fba76d931c3d2c2bf1021757cf1aeb8e,084f44f1e02f3b80de6a1fb82cebfb93,Yes,14th,2nd,13th,10th,3rd,12th,4th,8th,11th,5th,6th,9th,7th,1st,Morning Availability (9:00-11:00am),"Early Afternoon Availability (1:00-3:00pm), Late Afternoon Availability (3:00-5:00pm)",Morning Availability (9:00-11:00am),"Midday Availability (11:00am-1:00pm), Early Afternoon Availability (1:00-3:00pm), Late Afternoon Availability (3:00-5:00pm)","Midday Availability (11:00am-1:00pm), Early Afternoon Availability (1:00-3:00pm), Late Afternoon Availability (3:00-5:00pm)",[''],080fc5b6bd95656ba2165a1bc1802088,4
e0675cc1666502b81fde6189185d729a,587feb8b3f5ca6342eef5eb01b7690c7,No,1st,13th,3rd,6th,8th,7th,4th,9th,5th,10th,11th,12th,2nd,14th,"Early Afternoon Availability (1:00-3:00pm), Late Afternoon Availability (3:00-5:00pm)","Early Afternoon Availability (1:00-3:00pm), Late Afternoon Availability (3:00-5:00pm)",Late Afternoon Availability (3:00-5:00pm),I am not available at any point during the day (9:00am-5:00pm),Early Afternoon Availability (1:00-3:00pm),"['49ed43805e8c77dec154241be48808cb', '00f8977db5e78880727c4ba377a7e5b4']",1699ea9ea14f94400638064d390eb50d,1
1c954bd9cee930d408c78bb54e2f73ff,d47be81efe6b13fa9e55e6acd572f85e,No,14th,3rd,1st,13th,10th,2nd,4th,11th,5th,8th,9th,6th,7th,12th,Midday Availability (11:00am-1:00pm),"Midday Availability (11:00am-1:00pm), Early Afternoon Availability (1:00-3:00pm)",Midday Availability (11:00am-1:00pm),"Morning Availability (9:00-11:00am), Midday Availability (11:00am-1:00pm), Early Afternoon Availability (1:00-3:00pm)","Morning Availability (9:00-11:00am), Midday Availability (11:00am-1:00pm)",[''],bf5dcab36ea2cab81be891aeb42f10d5,1
8b703286fc3909324d3f394463e3e725,36b0c360b9f8549cacad18a9252daec3,Yes,7th,5th,8th,13th,2nd,1st,4th,12th,6th,9th,11th,10th,14th,3rd,Midday Availability (11:00am-1:00pm),"Midday Availability (11:00am-1:00pm), Early Afternoon Availability (1:00-3:00pm)",Early Afternoon Availability (1:00-3:00pm),"Midday Availability (11:00am-1:00pm), Early Afternoon Availability (1:00-3:00pm), Late Afternoon Availability (3:00-5:00pm)",Early Afternoon Availability (1:00-3:00pm),['d73e611f606d41ac2301974ca5f02ed3'],95dda093b40621d1a1629fe6efa4a15f,2
ff0cf7975c6de985255c32089664b146,5246eb288d499f720fde81f13ce6418a,No,6th,14th,1st,2nd,3rd,12th,5th,11th,7th,8th,9th,10th,4th,13th,Morning Availability (9:00-11:00am),"Midday Availability (11:00am-1:00pm), Early Afternoon Availability (1:00-3:00pm)",Morning Availability (9:00-11:00am),"Midday Availability (11:00am-1:00pm), Early Afternoon Availability (1:00-3:00pm)",Late Afternoon Availability (3:00-5:00pm),['7d45685b88d00a9eb5074c91bb1d51a0'],bf5dcab36ea2cab81be891aeb42f10d5,1
70dea49bd17647c591f61cb8fc9f3d21,28a141a5a1b7431578dfd61c9ba9b140,Maybe,7th,2nd,5th,8th,10th,9th,4th,14th,6th,11th,12th,13th,3rd,1st,"Midday Availability (11:00am-1:00pm), Early Afternoon Availability (1:00-3:00pm)",Midday Availability (11:00am-1:00pm),Early Afternoon Availability (1:00-3:00pm),"Midday Availability (11:00am-1:00pm), Early Afternoon Availability (1:00-3:00pm)",Midday Availability (11:00am-1:00pm),['61d07ea632dbca5e50f60f7344c48253'],080fc5b6bd95656ba2165a1bc1802088,1
a432a6a0e7b461a3c392479b9f5ff084,ef4fc8345de72d4e2ca91999900a9603,Yes,3rd,9th,8th,1st,2nd,12th,10th,5th,13th,14th,4th,7th,6th,11th,"Morning Availability (9:00-11:00am), Midday Availability (11:00am-1:00pm), Early Afternoon Availability (1:00-3:00pm), Late Afternoon Availability (3:00-5:00pm)","Morning Availability (9:00-11:00am), Midday Availability (11:00am-1:00pm), Early Afternoon Availability (1:00-3:00pm), Late Afternoon Availability (3:00-5:00pm)","Morning Availability (9:00-11:00am), Midday Availability (11:00am-1:00pm), Early Afternoon Availability (1:00-3:00pm), Late Afternoon Availability (3:00-5:00pm)","Morning Availability (9:00-11:00am), Midday Availability (11:00am-1:00pm), Early Afternoon Availability (1:00-3:00pm), Late Afternoon Availability (3:00-5:00pm)","Morning Availability (9:00-11:00am), Midday Availability (11:00am-1:00pm), Early Afternoon Availability (1:00-3:00pm), Late Afternoon Availability (3:00-5:00pm)",['8f9967491e62c87f4af5333388f2137a'],a871d0026901a4186f2902c6d7ca23d9,2
d0871e5507c506db3947bdef973c7939,3e0cf4743bd807b55ec46a666b226b7c,Maybe,14th,6th,11th,8th,3rd,13th,7th,9th,10th,5th,2nd,1st,4th,12th,I am not available at any point during the day (9:00am-5:00pm),"Midday Availability (11:00am-1:00pm), Early Afternoon Availability (1:00-3:00pm)","Morning Availability (9:00-11:00am), Midday Availability (11:00am-1:00pm)","Morning Availability (9:00-11:00am), Midday Availability (11:00am-1:00pm), Early Afternoon Availability (1:00-3:00pm)","Early Afternoon Availability (1:00-3:00pm), Late Afternoon Availability (3:00-5:00pm)",[''],1f4eb6bcc3951341284ad42f989acaec,3
2d394402a744aca9b937096a5842e912,0a3942afd3172155a382e9bb57d2f2f5,Maybe,14th,2nd,2nd,14th,5th,14th,14th,14th,14th,2nd,14th,14th,14th,1st,I am not available at any point during the day (9:00am-5:00pm),I am not available at any point during the day (9:00am-5:00pm),I am not available at any point during the day (9:00am-5:00pm),I am not available at any point during the day (9:00am-5:00pm),I am not available at any point during the day (9:00am-5:00pm),[''],84cd248f5289c24095a7f29f23720ef0,3
db12e5e45402c43946edf2e56cc49f94,dc9064e318def1cf9cdbd33f4a2fed3a,Maybe,1st,2nd,11th,6th,3rd,8th,4th,13th,7th,14th,12th,10th,5th,9th,"Midday Availability (11:00am-1:00pm), Early Afternoon Availability (1:00-3:00pm), Late Afternoon Availability (3:00-5:00pm)","Morning Availability (9:00-11:00am), Early Afternoon Availability (1:00-3:00pm), Late Afternoon Availability (3:00-5:00pm)","Morning Availability (9:00-11:00am), Midday Availability (11:00am-1:00pm), Early Afternoon Availability (1:00-3:00pm), Late Afternoon Availability (3:00-5:00pm)","Morning Availability (9:00-11:00am), Early Afternoon Availability (1:00-3:00pm), Late Afternoon Availability (3:00-5:00pm)","Midday Availability (11:00am-1:00pm), Early Afternoon Availability (1:00-3:00pm), Late Afternoon Availability (3:00-5:00pm)",['7ffbd4cb2d1294a668a5ad52d562cdf6'],1699ea9ea14f94400638064d390eb50d,4
8e0c741b5366ad6fd1d1a507419aae49,1a0489edc8f14d53eeba6508c4f05b4b,Maybe,7th,13th,14th,8th,10th,3rd,2nd,4th,6th,11th,5th,9th,1st,12th,"Midday Availability (11:00am-1:00pm), Early Afternoon Availability (1:00-3:00pm)",Midday Availability (11:00am-1:00pm),"Midday Availability (11:00am-1:00pm), Early Afternoon Availability (1:00-3:00pm)",I am not available at any point during the day (9:00am-5:00pm),"Morning Availability (9:00-11:00am), Late Afternoon Availability (3:00-5:00pm)",['1e6719f142685a93fce4e1efd58fc95d'],c4a681ce3d9a804283bb66945c3be328,3
d1598d664f176e67db161a13200da8fa,14959c0885ed68cac74a351fad701556,No,4th,9th,8th,2nd,1st,12th,10th,5th,14th,13th,3rd,7th,6th,11th,I am not available at any point during the day (9:00am-5:00pm),"Morning Availability (9:00-11:00am), Midday Availability (11:00am-1:00pm), Early Afternoon Availability (1:00-3:00pm), I am not available at any point during the day (9:00am-5:00pm)","Morning Availability (9:00-11:00am), I am not available at any point during the day (9:00am-5:00pm)","Morning Availability (9:00-11:00am), Midday Availability (11:00am-1:00pm), Early Afternoon Availability (1:00-3:00pm), I am not available at any point during the day (9:00am-5:00pm)","Midday Availability (11:00am-1:00pm), Early Afternoon Availability (1:00-3:00pm), Late Afternoon Availability (3:00-5:00pm), I am not available at any point during the day (9:00am-5:00pm)",[''],6d01182543b886b3aaf0e40d02bf0a5e,2